Date,Close
1993-02-01,100.70550751024123
1993-02-02,100.91033227127902
1993-02-03,101.97997269003187
1993-02-04,102.4123805188894
1993-02-05,102.34410559854348
1993-02-08,102.34410559854348
1993-02-09,101.63859808830225
1993-02-10,101.77514792899412
1993-02-11,102.2758306781976
1993-02-12,101.47928994082847
1993-02-16,98.9303595812472
1993-02-17,98.86208466090129
1993-02-18,98.79380974055536
1993-02-19,99.13518434228502
1993-02-22,99.49931725079662
1993-02-23,99.4310423304507
1993-02-24,100.70550751024132
1993-02-25,100.9103322712791
1993-02-26,101.06964041875293
1993-03-01,100.77378243058727
1993-03-02,102.27583067819765
1993-03-03,102.68548020027322
1993-03-04,102.13928083750581
1993-03-05,101.84342284934014
1993-03-08,104.11925352753768
1993-03-09,103.75512061902607
1993-03-10,103.98270368684581
1993-03-11,103.68684569868014
1993-03-12,102.6172052799273
1993-03-15,103.11788802913078
1993-03-16,103.11788802913078
1993-03-17,102.48065543923548
1993-03-18,103.1178880291308
1993-03-19,102.4806554392355
1993-03-22,101.91169776968611
1993-03-23,102.13928083750588
1993-03-24,102.13928083750588
1993-03-25,102.77651342740117
1993-03-26,102.2075557578518
1993-03-29,102.61720527992738
1993-03-30,102.91306326809304
1993-03-31,102.84478834774711
1993-04-01,102.48065543923552
1993-04-02,100.34137460172985
1993-04-05,100.8420573509333
1993-04-06,100.5689576695496
1993-04-07,100.91033227127926
1993-04-08,100.77378243058742
1993-04-12,102.20755575785185
1993-04-13,102.41238051888963
1993-04-14,102.27583067819776
1993-04-15,102.27583067819776
1993-04-16,102.27583067819776
1993-04-19,101.84342284934024
1993-04-20,101.3427401001368
1993-04-21,101.27446517979088
1993-04-22,100.00000000000027
1993-04-23,99.56759217114275
1993-04-26,98.79380974055557
1993-04-27,99.86345015930843
1993-04-28,99.63586709148868
1993-04-29,100.0682749203462
1993-04-30,100.20482476103805
1993-05-03,100.84205735093337
1993-05-04,101.20619025944497
1993-05-05,101.47928994082869
1993-05-06,101.13791533909904
1993-05-07,100.9103322712793
1993-05-10,101.13791533909907
1993-05-11,101.54756486117462
1993-05-12,101.41101502048278
1993-05-13,100.20482476103807
1993-05-14,100.13654984069215
1993-05-17,100.50068274920376
1993-05-18,100.40964952207587
1993-05-19,102.48065543923566
1993-05-20,102.77651342740133
1993-05-21,101.84342284934034
1993-05-24,102.27583067819785
1993-05-25,102.48065543923563
1993-05-26,103.75512061902627
1993-05-27,103.41374601729665
1993-05-28,102.9130632680932
1993-06-01,103.91442876650012
1993-06-02,103.7551206190263
1993-06-03,103.41374601729667
1993-06-04,103.04961310878508
1993-06-07,102.68548020027349
1993-06-08,101.77514792899447
1993-06-09,102.13928083750608
1993-06-10,102.20755575785199
1993-06-11,102.61720527992757
1993-06-14,102.48065543923572
1993-06-15,102.27583067819795
1993-06-16,102.48065543923572
1993-06-17,102.84478834774733
1993-06-18,101.27446517979102
1993-06-21,101.47928994082882
1993-06-22,101.54756486117473
1993-06-23,100.63723258989575
1993-06-24,101.9799726900323
1993-06-25,101.91169776968636
1993-06-28,103.04961310878515
1993-06-29,102.5489303595817
1993-06-30,102.5489303595817
1993-07-01,102.27583067819799
1993-07-02,101.7068730086486
1993-07-06,100.63723258989575
1993-07-07,100.91033227127949
1993-07-08,102.04824761037827
1993-07-09,102.34410559854395
1993-07-12,102.275830678198
1993-07-13,102.20755575785208
1993-07-14,102.54893035958173
1993-07-15,102.13928083750619
1993-07-16,101.84342284934051
1993-07-19,101.77514792899458
1993-07-20,102.0482476103783
1993-07-21,101.97997269003235
1993-07-22,101.27446517979111
1993-07-23,101.77514792899458
1993-07-26,102.34410559854396
1993-07-27,102.27583067819803
1993-07-28,102.0482476103783
1993-07-29,102.6172052799277
1993-07-30,102.04824761037834
1993-08-02,102.344105598544
1993-08-03,102.41238051888995
1993-08-04,102.41238051888995
1993-08-05,102.20755575785216
1993-08-06,102.34410559854403
1993-08-09,102.91306326809342
1993-08-10,102.84478834774748
1993-08-11,102.84478834774748
1993-08-12,102.54893035958182
1993-08-13,102.68548020027366
1993-08-16,103.27719617660505
1993-08-17,103.6185707783347
1993-08-18,104.18752844788408
1993-08-19,104.18752844788408
1993-08-20,104.25580336823002
1993-08-23,104.05097860719223
1993-08-24,105.188893946291
1993-08-25,105.25716886663695
1993-08-26,105.32544378698287
1993-08-27,105.25716886663695
1993-08-30,105.68957669549445
1993-08-31,105.96267637687818
1993-09-01,105.82612653618632
1993-09-02,105.46199362767472
1993-09-03,105.55302685480261
1993-09-07,104.8247610377794
1993-09-08,104.48338643604976
1993-09-09,104.68821119708755
1993-09-10,105.62130177514855
1993-09-13,105.68957669549448
1993-09-14,105.25716886663695
1993-09-15,105.55302685480264
1993-09-16,105.32544378698287
1993-09-17,104.25580336823002
1993-09-20,103.41374601729692
1993-09-21,103.04961310878534
1993-09-22,103.9144287665004
1993-09-23,104.48338643604977
1993-09-24,104.1875284478841
1993-09-27,105.3254437869829
1993-09-28,105.12061902594512
1993-09-29,104.75648611743354
1993-09-30,104.55166135639575
1993-10-01,105.0523441055992
1993-10-04,105.18889394629107
1993-10-05,105.05234410559923
1993-10-06,104.96131087847134
1993-10-07,104.68821119708764
1993-10-08,104.82476103777951
1993-10-11,105.05234410559927
1993-10-12,105.18889394629115
1993-10-13,105.18889394629115
1993-10-14,106.5316340464277
1993-10-15,107.1005917159771
1993-10-18,106.82749203459339
1993-10-19,106.03095129722426
1993-10-20,106.19025944469809
1993-10-21,106.03095129722429
1993-10-22,105.55302685480281
1993-10-25,105.82612653618652
1993-10-26,105.7578516158406
1993-10-27,105.82612653618652
1993-10-28,106.5999089667737
1993-10-29,106.5999089667737
1993-11-01,106.89576695493939
1993-11-02,106.82749203459348
1993-11-03,105.46199362767494
1993-11-04,104.32407828857615
1993-11-05,104.82476103777962
1993-11-08,104.96131087847147
1993-11-09,105.05234410559939
1993-11-10,105.82612653618655
1993-11-11,105.55302685480284
1993-11-12,106.03095129722433
1993-11-15,105.96267637687842
1993-11-16,106.46335912608187
1993-11-17,105.89440145653248
1993-11-18,105.62130177514877
1993-11-19,105.39371870732903
1993-11-22,104.75648611743374
1993-11-23,105.32544378698312
1993-11-24,105.75785161584066
1993-11-26,105.82612653618659
1993-11-29,105.39371870732907
1993-11-30,105.46199362767501
1993-12-01,105.62130177514881
1993-12-02,105.89440145653253
1993-12-03,106.32680928539007
1993-12-06,106.69094219390169
1993-12-07,106.59990896677381
1993-12-08,106.59990896677381
1993-12-09,106.25853436504416
1993-12-10,106.03095129722442
1993-12-13,106.69094219390172
1993-12-14,105.89440145653258
1993-12-15,105.75785161584072
1993-12-16,106.09922621757035
1993-12-17,105.9626763768785
1993-12-20,106.09922621757035
1993-12-21,105.75785161584072
1993-12-22,106.46335912608198
1993-12-23,106.39508420573607
1993-12-27,106.96404187528546
1993-12-28,107.16886663632323
1993-12-29,107.03231679563139
1993-12-30,106.59990896677387
1993-12-31,106.03095129722449
1994-01-03,105.75785161584076
1994-01-04,106.19025944469831
1994-01-05,106.39508420573608
1994-01-06,106.39508420573608
1994-01-07,107.03231679563142
1994-01-10,108.30678197542206
1994-01-11,108.10195721438427
1994-01-12,107.73782430587269
1994-01-13,107.46472462448897
1994-01-14,107.89713245334652
1994-01-17,107.89713245334652
1994-01-18,108.03368229403836
1994-01-19,107.73782430587269
1994-01-20,108.03368229403836
1994-01-21,107.8288575330006
1994-01-24,107.39644970414307
1994-01-25,107.39644970414307
1994-01-26,107.66954938552679
1994-01-27,108.67091488393372
1994-01-28,108.96677287209941
1994-01-31,109.74055530268659
1994-02-01,109.1715976331372
1994-02-02,109.87710514337846
1994-02-03,109.37642239417498
1994-02-04,106.89576695493963
1994-02-07,107.39644970414311
1994-02-08,107.46472462448904
1994-02-09,107.89713245334657
1994-02-10,106.96404187528559
1994-02-11,107.3281747837972
1994-02-14,107.46472462448904
1994-02-15,108.03368229403843
1994-02-16,107.96540737369249
1994-02-17,107.3281747837972
1994-02-18,106.69094219390189
1994-02-22,107.73782430587279
1994-02-23,107.46472462448908
1994-02-24,106.03095129722465
1994-02-25,106.5316340464281
1994-02-28,106.5316340464281
1994-03-01,106.09922621757055
1994-03-02,106.25853436504438
1994-03-03,105.9626763768787
1994-03-04,106.2585343650444
1994-03-07,106.82749203459379
1994-03-08,106.39508420573624
1994-03-09,106.8957669549397
1994-03-10,106.03095129722465
1994-03-11,106.59990896677402
1994-03-14,106.75921711424785
1994-03-15,106.69094219390196
1994-03-16,107.53299954483504
1994-03-17,107.53299954483504
1994-03-18,106.89576695493972
1994-03-21,106.59990896677405
1994-03-22,106.89576695493975
1994-03-23,106.82749203459383
1994-03-24,105.5530268548032
1994-03-25,104.55166135639628
1994-03-28,104.68821119708815
1994-03-29,102.61720527992838
1994-03-30,101.20619025944589
1994-03-31,101.4792899408296
1994-04-04,99.93172507965524
1994-04-05,101.97997269003305
1994-04-06,101.97997269003305
1994-04-07,102.4806554392365
1994-04-08,101.70687300864934
1994-04-11,102.1392808375069
1994-04-12,101.97997269003307
1994-04-13,101.45653163404762
1994-04-14,101.4792899408296
1994-04-15,101.4792899408296
1994-04-18,100.8192990441523
1994-04-19,100.95584888484414
1994-04-20,100.84205735093428
1994-04-21,102.2075557578528
1994-04-22,102.09376422394294
1994-04-25,103.1634046426958
1994-04-26,103.04961310878595
1994-04-28,102.29858898498077
1994-04-29,102.61720527992844
1994-05-02,103.27719617660574
1994-05-03,103.16340464269584
1994-05-04,102.98133818844005
1994-05-05,102.84478834774819
1994-05-06,101.84342284934127
1994-05-09,100.95584888484422
1994-05-10,101.72963131543138
1994-05-11,100.81929904415234
1994-05-12,101.31998179335584
1994-05-13,101.31998179335584
1994-05-16,101.3427401001378
1994-05-17,102.84478834774818
1994-05-18,103.59581247155339
1994-05-19,104.07373691397486
1994-05-20,103.68684569868127
1994-05-23,103.50477924442545
1994-05-24,103.93718707328301
1994-05-25,104.23304506144868
1994-05-26,104.30131998179459
1994-05-27,104.41511151570447
1994-05-31,104.25580336823063
1994-06-01,104.73372781065211
1994-06-02,104.61993627674222
1994-06-03,105.21165225307358
1994-06-06,105.18889394629163
1994-06-07,105.05234410559979
1994-06-08,104.1875284478847
1994-06-09,104.7564861174341
1994-06-10,104.93855257168987
1994-06-13,105.07510241238171
1994-06-14,105.89440145653283
1994-06-15,105.4619936276753
1994-06-16,105.68957669549506
1994-06-17,104.41511151570444
1994-06-20,103.50477924442541
1994-06-21,102.61720527992837
1994-06-22,103.02685480200392
1994-06-23,102.41238051889059
1994-06-24,100.27309968138486
1994-06-27,102.02548930359698
1994-06-28,101.52480655439354
1994-06-29,101.84342284934118
1994-06-30,101.20619025944586
1994-07-01,101.41101502048365
1994-07-05,101.95721438325106
1994-07-06,101.79790623577722
1994-07-07,102.23031406463478
1994-07-08,102.20755575785279
1994-07-11,101.84342284934118
1994-07-12,101.97997269003302
1994-07-13,102.16203914428883
1994-07-14,103.27719617660564
1994-07-15,103.29995448338761
1994-07-18,103.4820209376434
1994-07-19,103.27719617660564
1994-07-20,102.79927173418417
1994-07-21,103.02685480200392
1994-07-22,103.18616294947778
1994-07-25,103.3454710969516
1994-07-26,103.23167956304174
1994-07-27,103.23167956304174
1994-07-28,103.43650432407952
1994-07-29,104.4833864360504
1994-08-01,104.96131087847189
1994-08-02,105.12061902594571
1994-08-03,105.1433773327277
1994-08-04,104.55166135639632
1994-08-05,104.18752844788474
1994-08-08,104.43786982248646
1994-08-09,104.61993627674227
1994-08-10,105.00682749203585
1994-08-11,104.61993627674227
1994-08-12,105.4392353208934
1994-08-15,105.39371870732947
1994-08-16,106.14474283113469
1994-08-17,106.07646791078878
1994-08-18,105.71233500227717
1994-08-19,105.64406008193123
1994-08-22,105.55302685480335
1994-08-23,106.1447428311347
1994-08-24,107.2826581702335
1994-08-25,107.0095584888498
1994-08-26,108.53436504324216
1994-08-29,108.46609012289623
1994-08-30,108.73918980427995
1994-08-31,108.46609012289623
1994-09-01,108.10195721438463
1994-09-02,107.64679107874511
1994-09-06,107.66954938552709
1994-09-07,107.57851615839917
1994-09-08,108.1019572143846
1994-09-09,106.96404187528582
1994-09-12,106.64542558033816
1994-09-13,106.96404187528583
1994-09-14,107.07783340919572
1994-09-15,108.4205735093323
1994-09-16,107.0095584888498
1994-09-19,107.10059171597773
1994-09-20,105.0751024123819
1994-09-21,105.0751024123819
1994-09-22,104.82476103778018
1994-09-23,104.48338643605052
1994-09-26,105.00682749203598
1994-09-27,104.93855257169007
1994-09-28,105.75785161584119
1994-09-29,105.21165225307378
1994-09-30,105.07510241238194
1994-10-03,104.82476103778022
1994-10-04,103.27719617660587
1994-10-05,103.29995448338782
1994-10-06,102.98133818844015
1994-10-07,103.43650432407966
1994-10-10,104.55166135639647
1994-10-11,106.09922621757082
1994-10-12,106.25853436504464
1994-10-13,106.5999089667743
1994-10-14,107.07783340919576
1994-10-17,106.85025034137603
1994-10-18,106.5999089667743
1994-10-19,107.10059171597774
1994-10-20,106.3950842057365
1994-10-21,105.96267637687895
1994-10-24,105.07510241238191
1994-10-25,105.18889394629178
1994-10-26,105.57578516158537
1994-10-27,106.21301775148069
1994-10-28,108.42057350933231
1994-10-31,108.05644060082071
1994-11-01,106.85025034137603
1994-11-02,106.25853436504467
1994-11-03,106.82749203459407
1994-11-04,105.43923532089354
1994-11-07,105.75785161584119
1994-11-08,106.57715065999231
1994-11-09,106.75921711424812
1994-11-10,106.00819299044292
1994-11-11,105.62130177514935
1994-11-14,106.59990896677431
1994-11-15,106.25853436504467
1994-11-16,106.59990896677431
1994-11-17,105.89440145653306
1994-11-18,105.75785161584122
1994-11-21,104.68821119708835
1994-11-22,102.41238051889079
1994-11-23,102.98133818844018
1994-11-25,103.48202093764365
1994-11-28,103.93718707328317
1994-11-29,103.91442876650119
1994-11-30,103.75512061902737
1994-12-01,102.73099681383846
1994-12-02,103.68684569868142
1994-12-05,103.80063723259131
1994-12-06,103.86891215293726
1994-12-07,103.11788802913206
1994-12-08,102.13928083750712
1994-12-09,102.5261720528007
1994-12-12,103.18616294947802
1994-12-13,103.59581247155359
1994-12-14,104.11925352753902
1994-12-15,104.43786982248666
1994-12-16,104.11925352753902
1994-12-19,104.25580336823086
1994-12-20,103.93718707328318
1994-12-21,105.0523441056
1994-12-22,104.73372781065238
1994-12-23,104.82476103778026
1994-12-27,105.39371870732965
1994-12-28,104.8702776513442
1994-12-29,104.93855257169014
1994-12-30,103.68684569868148
1995-01-03,104.18752844788493
1995-01-04,104.68821119708839
1995-01-05,104.68821119708839
1995-01-06,104.80200273099827
1995-01-09,104.89303595812618
1995-01-10,105.00682749203605
1995-01-11,105.07510241238198
1995-01-12,105.12061902594594
1995-01-13,106.34956759217262
1995-01-16,107.00955848884995
1995-01-17,107.03231679563191
1995-01-18,106.91852526172202
1995-01-19,106.32680928539067
1995-01-20,105.93991807009708
1995-01-23,106.25853436504474
1995-01-24,106.39508420573658
1995-01-25,106.69094219390227
1995-01-26,106.78197542103018
1995-01-27,107.21438324988772
1995-01-30,106.7592171142482
1995-01-31,107.16886663632377
1995-02-01,107.14610832954179
1995-02-02,107.78334091943711
1995-02-03,109.3081474738295
1995-02-06,109.76331360946898
1995-02-07,109.9226217569428
1995-02-08,109.9226217569428
1995-02-09,109.9226217569428
1995-02-10,110.05917159763466
1995-02-13,110.10468821119863
1995-02-14,110.24123805189048
1995-02-15,110.83295402822186
1995-02-16,110.69640418753002
1995-02-17,110.26399635867247
1995-02-21,110.2412380518905
1995-02-22,111.06053709604164
1995-02-23,111.24260355029747
1995-02-24,111.51570323168116
1995-02-27,110.62812926718412
1995-02-28,111.56121984524515
1995-03-01,110.83295402822193
1995-03-02,110.99226217569576
1995-03-03,111.01502048247771
1995-03-06,111.08329540282365
1995-03-07,110.24123805189055
1995-03-08,110.51433773327429
1995-03-09,110.49157942649231
1995-03-10,112.13017751479457
1995-03-13,112.01638598088468
1995-03-14,112.8356850250358
1995-03-15,112.60810195721606
1995-03-16,113.29085116067536
1995-03-17,112.7901684114719
1995-03-20,112.7901684114719
1995-03-21,112.51706873008817
1995-03-22,112.60810195721606
1995-03-23,112.69913518434397
1995-03-24,114.29221665908229
1995-03-27,114.74738279472183
1995-03-28,114.74738279472183
1995-03-29,114.72462448793985
1995-03-30,114.4970414201201
1995-03-31,114.04187528448058
1995-04-03,114.3149749658643
1995-04-04,115.0659990896695
1995-04-05,115.0659990896695
1995-04-06,115.49840691852704
1995-04-07,115.38461538461718
1995-04-10,115.61219845243691
1995-04-11,115.20254893036135
1995-04-12,115.61219845243691
1995-04-13,116.24943104233223
1995-04-17,115.56668183887298
1995-04-18,115.1797906235794
1995-04-19,115.06599908966952
1995-04-20,115.24806554392532
1995-04-21,115.81702321347471
1995-04-24,117.1597633136113
1995-04-25,116.84114701866363
1995-04-26,116.95493855257351
1995-04-27,117.2507965407392
1995-04-28,117.41010468821302
1995-05-01,117.09148839326538
1995-05-02,117.34182976786711
1995-05-03,118.98042785616938
1995-05-04,118.91215293582344
1995-05-05,118.7756030951316
1995-05-08,119.61766044606472
1995-05-09,119.52662721893684
1995-05-10,119.66317705962868
1995-05-11,119.98179335457633
1995-05-12,120.05006827492224
1995-05-15,120.61902594447163
1995-05-16,120.68730086481756
1995-05-17,120.23213472917804
1995-05-18,118.47974510696591
1995-05-19,118.54802002731182
1995-05-22,119.86800182066642
1995-05-23,120.98315885298322
1995-05-24,120.89212562585531
1995-05-25,121.00591715976519
1995-05-26,119.61766044606468
1995-05-30,119.59490213928268
1995-05-31,122.07555757851804
1995-06-01,121.7569412835704
1995-06-02,121.87073281748029
1995-06-05,122.62175694128553
1995-06-06,122.39417387346579
1995-06-07,121.75694128357047
1995-06-08,121.48384160218677
1995-06-09,120.75557578516356
1995-06-12,121.43832498862284
1995-06-13,122.75830678197744
1995-06-14,122.64451524806759
1995-06-15,123.16795630405304
1995-06-16,122.82658170232344
1995-06-19,124.21483841602394
1995-06-20,123.89622212107629
1995-06-21,123.82794720073036
1995-06-22,125.44378698225064
1995-06-23,125.2162039144309
1995-06-26,123.71415566682052
1995-06-27,123.46381429221877
1995-06-28,124.10104688211409
1995-06-29,123.89622212107632
1995-06-30,123.82794720073038
1995-07-03,124.2831133363699
1995-07-05,124.73827947200942
1995-07-06,126.3541192535297
1995-07-07,126.9230769230791
1995-07-10,126.99135184342501
1995-07-11,126.37687756031168
1995-07-12,127.94720072826802
1995-07-13,127.65134274010235
1995-07-14,127.56030951297446
1995-07-17,128.2658170232157
1995-07-18,127.17341829768087
1995-07-19,125.78516158398037
1995-07-20,126.24032771961988
1995-07-21,126.10377787892804
1995-07-24,127.01411015020709
1995-07-25,127.96995903505007
1995-07-26,127.87892580792217
1995-07-27,128.94856622667504
1995-07-28,128.1292671825239
1995-07-31,127.81065088757626
1995-08-01,127.58306781975652
1995-08-02,127.30996813837281
1995-08-03,127.26445152480885
1995-08-04,127.4010013655007
1995-08-07,127.6968593536664
1995-08-08,127.6968593536664
1995-08-09,127.65134274010246
1995-08-10,127.37824305871874
1995-08-11,126.67273554847749
1995-08-14,127.81065088757629
1995-08-15,127.56030951297457
1995-08-16,127.9016841147042
1995-08-17,127.69685935366641
1995-08-18,127.83340919435827
1995-08-21,127.49203459262863
1995-08-22,127.71961766044839
1995-08-23,127.26445152480889
1995-08-24,127.40100136550075
1995-08-25,128.129267182524
1995-08-28,127.6513427401025
1995-08-29,127.96995903505015
1995-08-30,128.26581702321585
1995-08-31,128.37960855712572
1995-09-01,128.9485662266751
1995-09-05,130.15475648611982
1995-09-06,130.40509786072155
1995-09-07,130.47337278106747
1995-09-08,130.97405553027096
1995-09-11,131.3154301320006
1995-09-12,131.92990441511395
1995-09-13,132.52162039144534
1995-09-14,133.75056895767204
1995-09-15,132.99954483386682
1995-09-18,132.49886208466336
1995-09-19,133.1360946745587
1995-09-20,133.77332726445402
1995-09-21,132.6809285389192
1995-09-22,132.70368684570118
1995-09-25,132.49886208466341
1995-09-26,132.45334547109945
1995-09-27,132.36231224397156
1995-09-28,133.3409194355965
1995-09-29,133.09057806099474
1995-10-02,132.43058716431747
1995-10-03,132.56713700500933
1995-10-04,132.43058716431747
1995-10-05,132.8174783796111
1995-10-06,132.93126991352096
1995-10-09,131.81611288120416
1995-10-10,131.74783796085822
1995-10-11,132.18024578971577
1995-10-12,132.9995448338669
1995-10-13,133.4091943559425
1995-10-16,132.77196176604718
1995-10-17,133.65953573054423
1995-10-18,134.0691852526198
1995-10-19,134.70641784251512
1995-10-20,133.887118798364
1995-10-23,133.59126081019838
1995-10-24,133.7505689576722
1995-10-25,132.63541192535538
1995-10-26,131.4292216659107
1995-10-27,132.43058716431764
1995-10-30,133.27264451525076
1995-10-31,132.70368684570136
1995-11-01,133.77332726445422
1995-11-02,134.6381429221693
1995-11-03,134.7974510696431
1995-11-06,134.3422849340036
1995-11-07,133.84160218480014
1995-11-08,135.04779244424486
1995-11-09,135.5484751934483
1995-11-10,135.48020027310235
1995-11-13,135.3436504324105
1995-11-14,134.45607646791345
1995-11-15,135.79881656805003
1995-11-16,136.54984069185525
1995-11-17,136.98224852071277
1995-11-20,136.27674101047154
1995-11-21,137.36913973600636
1995-11-22,136.93673190714884
1995-11-24,137.30086481566047
1995-11-27,137.32362312244243
1995-11-28,138.78015475648888
1995-11-29,138.93946290396272
1995-11-30,138.62084660901508
1995-12-01,138.78015475648894
1995-12-04,140.4870277651371
1995-12-05,141.4201183431981
1995-12-06,141.73873463814576
1995-12-07,140.9877105143406
1995-12-08,141.46563495676207
1995-12-11,142.05735093309343
1995-12-12,141.62494310423588
1995-12-13,142.51251706873293
1995-12-14,141.48839326354403
1995-12-15,140.66909421939292
1995-12-18,137.96085571233775
1995-12-19,139.4401456531662
1995-12-20,138.07464724624765
1995-12-21,138.78015475648888
1995-12-22,139.28083750569235
1995-12-26,139.96358670915163
1995-12-27,139.8953117888057
1995-12-28,139.7587619481139
1995-12-29,139.9180700955877
1996-01-02,141.4201183431981
1996-01-03,141.80700955849173
1996-01-04,140.46426945835515
1996-01-05,140.16841147018948
1996-01-08,140.71461083295688
1996-01-09,138.3022303140675
1996-01-10,136.4815657715094
1996-01-11,137.30086481566056
1996-01-12,137.07328174784078
1996-01-15,136.80018206645707
1996-01-16,138.46153846154132
1996-01-17,138.05188893946573
1996-01-18,138.50705507510528
1996-01-19,139.4401456531663
1996-01-22,139.46290395994825
1996-01-23,139.7815202548959
1996-01-24,140.91943559399468
1996-01-25,140.41875284479124
1996-01-26,141.62494310423594
1996-01-29,142.19390077378534
1996-01-30,143.42284934001205
1996-01-31,144.90213928084046
1996-02-01,145.44833864360785
1996-02-02,144.83386436049454
1996-02-05,146.0172963131573
1996-02-06,147.40555302685783
1996-02-07,148.24761037779095
1996-02-08,149.84069185252926
1996-02-09,149.81793354574728
1996-02-12,150.9558488848461
1996-02-13,150.63723258989842
1996-02-14,149.31725079654385
1996-02-15,148.3841602184828
1996-02-16,147.79244424215145
1996-02-20,146.33591260810502
1996-02-21,148.13381884388113
1996-02-22,150.47792444242464
1996-02-23,150.0682749203491
1996-02-26,147.9289940828434
1996-02-27,147.4738279472039
1996-02-28,146.79107874374463
1996-02-29,145.38006372326214
1996-03-01,147.67865270824169
1996-03-04,148.54346836595678
1996-03-05,149.9317250796573
1996-03-06,148.6117432863027
1996-03-07,149.34000910332594
1996-03-08,144.51524806554704
1996-03-11,146.1766044606313
1996-03-12,145.03868912153249
1996-03-13,146.04005461993944
1996-03-14,146.67728720983476
1996-03-15,145.92626308602956
1996-03-18,148.74829312699458
1996-03-19,148.4296768320469
1996-03-20,148.24761037779112
1996-03-21,147.8834774692795
1996-03-22,148.29312699135508
1996-03-25,147.99726900318942
1996-03-26,148.70277651343068
1996-03-27,147.3600364132941
1996-03-28,147.92899408284347
1996-03-29,147.2234865726022
1996-04-01,148.93035958125043
1996-04-02,149.20345926263414
1996-04-03,149.20345926263414
1996-04-04,149.11242603550622
1996-04-08,146.54073736914296
1996-04-09,145.97177969959358
1996-04-10,143.37733272644834
1996-04-11,143.19526627219255
1996-04-12,145.01593081475062
1996-04-15,146.22212107419531
1996-04-16,146.65452890305284
1996-04-17,146.29039599454123
1996-04-18,146.51797906236098
1996-04-19,146.85935366409063
1996-04-22,147.99726900318942
1996-04-23,148.45243513882895
1996-04-24,147.9289940828435
1996-04-25,148.61174328630275
1996-04-26,148.9303595812504
1996-04-29,148.9303595812504
1996-04-30,148.81656804734052
1996-05-01,149.1351843422882
1996-05-02,146.5862539827069
1996-05-03,146.35867091488714
1996-05-06,146.2221210741953
1996-05-07,145.60764679108192
1996-05-08,147.42831133364
1996-05-09,147.31451979973016
1996-05-10,148.79380974055857
1996-05-13,151.02412380519223
1996-05-14,151.95721438325324
1996-05-15,151.77514792899746
1996-05-16,152.09376422394513
1996-05-17,152.91306326809624
1996-05-20,153.93718707328517
1996-05-21,153.7323623122474
1996-05-22,155.18889394629386
1996-05-23,154.55166135639854
1996-05-24,155.14337733272995
1996-05-28,153.57305416477365
1996-05-29,152.54893035958472
1996-05-30,153.34547109695387
1996-05-31,152.20755575785506
1996-06-03,152.61720527993066
1996-06-04,153.68684569868353
1996-06-05,155.02958579882008
1996-06-06,153.89167045972133
1996-06-07,153.89167045972133
1996-06-10,153.41374601729981
1996-06-11,153.25443786982603
1996-06-12,152.9813381884423
1996-06-13,152.9813381884423
1996-06-14,152.344105598547
1996-06-17,152.23031406463713
1996-06-18,150.97860719162847
1996-06-19,151.66135639508775
1996-06-20,151.54756486117788
1996-06-21,152.04824761038134
1996-06-24,152.34410559854703
1996-06-25,152.1620391442912
1996-06-26,151.1379153391023
1996-06-27,152.20755575785518
1996-06-28,152.73099681384062
1996-07-01,154.05097860719522
1996-07-02,153.4820209376458
1996-07-03,153.16340464269814
1996-07-05,149.24897587619827
1996-07-08,148.63450159308496
1996-07-09,149.24897587619827
1996-07-10,149.84069185252966
1996-07-11,146.83659535730882
1996-07-12,146.92762858443672
1996-07-15,142.60355029586128
1996-07-16,142.9449248975909
1996-07-17,144.6517979062391
1996-07-18,146.654528903053
1996-07-19,145.58488848430014
1996-07-22,144.51524806554727
1996-07-23,142.67182521620722
1996-07-24,142.94492489759094
1996-07-25,144.24214838416358
1996-07-26,145.01593081475076
1996-07-29,143.42284934001245
1996-07-30,144.788347746931
1996-07-31,145.8579881656839
1996-08-01,148.2931269913553
1996-08-02,151.47928994083196
1996-08-05,150.59171597633488
1996-08-06,151.0696404187564
1996-08-07,151.45653163404998
1996-08-08,151.20619025944825
1996-08-09,150.70550751024476
1996-08-12,151.7979062357796
1996-08-13,150.59171597633488
1996-08-14,151.13791533910228
1996-08-15,150.8420573509366
1996-08-16,152.11652253072728
1996-08-19,152.20755575785518
1996-08-20,152.0937642239453
1996-08-21,151.54756486117788
1996-08-22,152.98133818844235
1996-08-23,152.1620391442912
1996-08-26,151.41101502048605
1996-08-27,151.97997269003545
1996-08-28,151.72963131543372
1996-08-29,150.25034137460528
1996-08-30,148.68001820664895
1996-09-03,149.63586709149195
1996-09-04,149.77241693218383
1996-09-05,147.97451069640772
1996-09-06,150.0682749203495
1996-09-09,151.84342284934363
1996-09-10,151.77514792899768
1996-09-11,152.6172052799308
1996-09-12,153.68684569868367
1996-09-13,156.0309512972272
1996-09-16,156.59990896677658
1996-09-17,156.25853436504693
1996-09-18,155.8488848429714
1996-09-19,156.46335912608473
1996-09-20,156.213017751483
1996-09-23,156.16750113791906
1996-09-24,156.14474283113708
1996-09-25,156.25853436504693
1996-09-26,156.16750113791906
1996-09-27,156.3268092853929
1996-09-30,156.1675011379191
1996-10-01,157.03231679563413
1996-10-02,158.10195721438703
1996-10-03,157.96540737369514
1996-10-04,160.08192990441893
1996-10-07,160.26399635867475
1996-10-08,159.6267637687794
1996-10-09,158.37505689577077
1996-10-10,158.0564406008231
1996-10-11,160.013654984073
1996-10-14,160.24123805189274
1996-10-15,160.01365498407299
1996-10-16,160.81019572144214
1996-10-17,161.21984524351777
1996-10-18,162.0846609012328
1996-10-21,161.85707783341306
1996-10-22,160.71916249431425
1996-10-23,161.26536185708167
1996-10-24,159.87710514338116
1996-10-25,160.013654984073
1996-10-28,158.94401456532017
1996-10-29,160.2412380518928
1996-10-30,159.69503868912537
1996-10-31,161.21984524351777
1996-11-01,160.65088757396836
1996-11-04,161.72052799272126
1996-11-05,162.65361857078227
1996-11-06,165.77150659991298
1996-11-07,166.18115612198852
1996-11-08,167.09148839326758
1996-11-11,166.90942193901176
1996-11-12,166.4087391898083
1996-11-13,167.1597633136135
1996-11-14,168.27492034593033
1996-11-15,168.4797451069681
1996-11-18,168.52526172053206
1996-11-19,169.73145197997675
1996-11-20,170.0045516613605
1996-11-21,169.75421028675873
1996-11-22,171.07419208011336
1996-11-25,173.23623122440108
1996-11-26,172.69003186163366
1996-11-27,172.34865725990406
1996-11-29,173.00864815658133
1996-12-02,173.07692307692724
1996-12-03,170.11834319527037
1996-12-04,170.5735093309099
1996-12-05,170.11834319527037
1996-12-06,169.11697769686347
1996-12-09,171.62039144288082
1996-12-10,170.80109239872968
1996-12-11,169.23076923077335
1996-12-12,166.40873918980836
1996-12-13,166.84114701866588
1996-12-16,164.72462448794212
1996-12-17,166.02184797451477
1996-12-18,167.34182976786937
1996-12-19,170.8010923987297
1996-12-20,170.32316795630825
1996-12-23,169.91351843423266
1996-12-24,171.14246700045936
1996-12-26,172.46244879381396
1996-12-27,172.6900318616337
1996-12-30,171.18798361402335
1996-12-31,168.0473372781107
1997-01-02,168.4797451069682
1997-01-03,170.8921256258577
1997-01-06,169.41283568502922
1997-01-07,171.4610832954071
1997-01-08,169.98179335457863
1997-01-09,171.39280837506118
1997-01-10,173.23623122440125
1997-01-13,173.00864815658147
1997-01-14,175.17068730086922
1997-01-15,174.7382794720117
1997-01-16,175.443786982253
1997-01-17,176.51342740100586
1997-01-20,176.7410104688256
1997-01-21,178.15202548930816
1997-01-22,179.42649066909883
1997-01-23,176.94583522986343
1997-01-24,174.67000455166587
1997-01-27,174.1693218024624
1997-01-28,174.67000455166587
1997-01-29,176.37687756031409
1997-01-30,178.6527082385117
1997-01-31,178.4478834774739
1997-02-03,178.97132453345935
1997-02-04,180.06372325899423
1997-02-05,176.6954938552618
1997-02-06,177.87892580792453
1997-02-07,180.291306326814
1997-02-10,178.5844333181658
1997-02-11,180.65543923532562
1997-02-12,183.20436959490692
1997-02-13,185.20710059172077
1997-02-14,184.77469276286325
1997-02-18,186.3450159308196
1997-02-19,185.09330905781093
1997-02-20,182.84023668639534
1997-02-21,182.93126991352324
1997-02-24,185.09330905781096
1997-02-25,185.22985889850284
1997-02-26,183.4091943559448
1997-02-27,180.67819754210768
1997-02-28,180.1547564861222
1997-03-03,181.36094674556696
1997-03-04,180.35958124716004
1997-03-05,183.40919435594483
1997-03-06,182.33955393719197
1997-03-07,183.9781520254942
1997-03-10,185.91260810196218
1997-03-11,184.91124260355528
1997-03-12,183.27264451525303
1997-03-13,180.42785616750604
1997-03-14,181.36094674556705
1997-03-17,181.8616294947705
1997-03-18,179.9044151115206
1997-03-19,179.28994082840723
1997-03-20,178.37960855712817
1997-03-21,178.51615839782005
1997-03-24,180.99681383705544
1997-03-25,179.2216659080613
1997-03-26,179.99544833864852
1997-03-27,175.2389622212155
1997-03-31,171.5521165225354
1997-04-01,172.6445152480703
1997-04-02,169.54938552572156
1997-04-03,170.48247610378257
1997-04-04,172.59899863450636
1997-04-07,173.28174783796564
1997-04-08,174.5334547109743
1997-04-09,173.09968138370985
1997-04-10,172.46244879381453
1997-04-11,167.00045516614028
1997-04-14,169.23076923077394
1997-04-15,172.09831588530292
1997-04-16,174.1010468821168
1997-04-17,173.39553937187554
1997-04-18,174.23759672280866
1997-04-21,173.09968138370988
1997-04-22,176.9003186162999
1997-04-23,177.0823850705557
1997-04-24,176.19481110605864
1997-04-25,174.16932180246278
1997-04-28,175.876194811111
1997-04-29,181.42922166591316
1997-04-30,182.2712790168463
1997-05-01,182.0664542558085
1997-05-02,185.34365043241309
1997-05-05,189.75876194811642
1997-05-06,189.5994538006426
1997-05-07,185.48020027310494
1997-05-08,186.7546654528956
1997-05-09,188.02913063268628
1997-05-12,191.16977696859894
1997-05-13,190.39599453801176
1997-05-14,190.73736913974142
1997-05-15,192.03459262631404
1997-05-16,189.3946290396048
1997-05-19,189.96358670915424
1997-05-20,192.23941738735184
1997-05-21,191.80700955849431
1997-05-22,191.16977696859897
1997-05-23,192.94492489759313
1997-05-27,193.71870732818033
1997-05-28,193.69594902139835
1997-05-29,192.55803368229957
1997-05-30,193.80974055530825
1997-06-02,192.94492489759318
1997-06-03,192.30769230769783
1997-06-04,192.10286754666004
1997-06-05,192.8083750569013
1997-06-06,196.5862539827093
1997-06-09,197.56486117433428
1997-06-10,198.17933545744765
1997-06-11,198.6345015930872
1997-06-12,202.48065543924113
1997-06-13,204.18752844788935
1997-06-16,204.2558033682353
1997-06-17,203.95994538006966
1997-06-18,203.2544378698284
1997-06-19,205.3482020937702
1997-06-20,203.8689121529418
1997-06-23,198.930359581253
1997-06-24,203.95994538006968
1997-06-25,202.5489303595872
1997-06-26,201.5475648611803
1997-06-27,202.34410559854945
1997-06-30,200.97860719163094
1997-07-01,203.32271279017448
1997-07-02,206.66818388712497
1997-07-03,209.51297223487194
1997-07-07,207.37369139736623
1997-07-08,209.5584888484359
1997-07-09,207.2371415566744
1997-07-10,208.1702321347354
1997-07-11,208.87573964497665
1997-07-14,209.512972234872
1997-07-15,210.58261265362486
1997-07-16,213.35912608102592
1997-07-17,212.28948566227305
1997-07-18,207.7833409194418
1997-07-21,207.8060992262238
1997-07-22,213.31360946746202
1997-07-23,213.15430131998818
1997-07-24,214.13290851161318
1997-07-25,213.9963586709213
1997-07-28,213.85980883022947
1997-07-29,214.5653163404708
1997-07-30,217.13700500683407
1997-07-31,216.90942193901432
1997-08-01,216.0673645880812
1997-08-04,216.63632225763058
1997-08-05,216.77287209832247
1997-08-06,218.54802002731662
1997-08-07,216.90942193901438
1997-08-08,212.51706873009297
1997-08-11,214.0646335912674
1997-08-12,210.65088757397098
1997-08-13,210.01365498407566
1997-08-14,210.78743741466286
1997-08-15,204.3240782885816
1997-08-18,208.87573964497687
1997-08-19,211.28812016386638
1997-08-20,214.49704142012502
1997-08-21,210.719162494317
1997-08-22,210.6508875739711
1997-08-25,209.87710514338391
1997-08-26,206.78197542103516
1997-08-27,208.03368229404384
1997-08-28,204.87027765134917
1997-08-29,205.6895766955003
1997-09-02,212.35776058261933
1997-09-03,211.21984524352055
1997-09-04,212.5853436504391
1997-09-05,211.97086936732578
1997-09-08,212.90395994538676
1997-09-09,212.99499317251468
1997-09-10,208.60263996359322
1997-09-11,207.53299954484038
1997-09-12,210.87847064179087
1997-09-15,210.51433773327926
1997-09-16,215.77150659991577
1997-09-17,215.77150659991577
1997-09-18,216.70459717797678
1997-09-19,216.27218934911926
1997-09-22,217.47837960856398
1997-09-23,216.47701411015703
1997-09-24,214.70186618116293
1997-09-25,213.22257624033446
1997-09-26,214.99772416932856
1997-09-29,217.06873008648842
1997-09-30,214.79289940829082
1997-10-01,217.61492944925592
1997-10-02,218.84387801548266
1997-10-03,219.93627674101754
1997-10-06,221.392808375064
1997-10-07,223.4638142922238
1997-10-08,221.89349112426746
1997-10-09,221.1197086936803
1997-10-10,220.48247610378496
1997-10-13,220.68730086482273
1997-10-14,220.75557578516865
1997-10-15,220.25489303596518
1997-10-16,216.77287209832286
1997-10-17,214.56531634047118
1997-10-20,217.61492944925598
1997-10-21,221.84797451070355
1997-10-22,220.3914428766571
1997-10-23,216.0673645880816
1997-10-24,213.92808375057584
1997-10-27,198.42967683205006
1997-10-28,209.87710514338409
1997-10-29,209.3081474738347
1997-10-30,204.68821119709352
1997-10-31,209.51297223487248
1997-11-03,213.92808375057584
1997-11-04,213.92808375057584
1997-11-05,214.6335912608171
1997-11-06,213.81429221666596
1997-11-07,211.5157032316864
1997-11-10,210.24123805189575
1997-11-11,210.30951297224166
1997-11-12,205.96267637688422
1997-11-13,208.94401456532304
1997-11-14,211.78880291307007
1997-11-17,215.70323167957
1997-11-18,214.3604915794334
1997-11-19,215.4301319981863
1997-11-20,218.68456986800888
1997-11-21,220.1866181156193
1997-11-24,216.20391442877346
1997-11-25,216.77287209832286
1997-11-26,217.4101046882182
1997-11-28,217.61492944925598
1997-12-01,223.2362312244041
1997-12-02,221.89349112426754
1997-12-03,222.5307237141629
1997-12-04,222.32589895312512
1997-12-05,225.17068730087212
1997-12-08,224.53345471097683
1997-12-09,223.1679563040583
1997-12-10,221.2562585343723
1997-12-11,217.4783796085643
1997-12-12,217.91078743742182
1997-12-15,220.11834319527347
1997-12-16,221.46108329541008
1997-12-17,220.3231679563113
1997-12-18,218.20664542558754
1997-12-19,215.70323167957017
1997-12-22,217.09148839327074
1997-12-23,213.2225762403348
1997-12-24,212.58534365043946
1997-12-26,213.42740100137257
1997-12-29,217.6149294492562
1997-12-30,221.0286754665526
1997-12-31,220.89212562586073
1998-01-02,222.03004096495954
1998-01-05,222.53072371416303
1998-01-06,218.98042785617474
1998-01-07,219.54938552572415
1998-01-08,217.6149294492562
1998-01-09,210.08192990442208
1998-01-12,213.92808375057606
1998-01-13,216.90942193901495
1998-01-14,217.9107874374219
1998-01-15,216.0901228948638
1998-01-16,219.18525261721263
1998-01-20,222.7583067819829
1998-01-21,220.6190259444772
1998-01-22,218.66181156122724
1998-01-23,218.34319526627954
1998-01-26,218.2066454255877
1998-01-27,220.3914428766575
1998-01-28,222.39417387347137
1998-01-29,223.6003641329161
1998-01-30,223.73691397360798
1998-02-02,227.44651797907008
1998-02-03,229.15339098771827
1998-02-04,228.85753299955263
1998-02-05,228.7209831588608
1998-02-06,231.26991351844217
1998-02-09,230.49613108785502
1998-02-10,232.70368684570667
1998-02-11,232.4988620846689
1998-02-12,233.4774692762939
1998-02-13,232.1347291761573
1998-02-17,233.2726445152561
1998-02-18,235.41192535276187
1998-02-19,234.16021847975318
1998-02-20,235.91260810196536
1998-02-23,236.82294037324442
1998-02-24,234.97951752390435
1998-02-25,237.89258079199732
1998-02-26,239.23532089213393
1998-02-27,239.23532089213393
1998-03-02,238.75739644971242
1998-03-03,240.100136549849
1998-03-04,238.52981338189267
1998-03-05,236.322257624041
1998-03-06,241.101502048256
1998-03-09,240.2366863905409
1998-03-10,242.51251706873856
1998-03-11,243.65043240783737
1998-03-12,244.65179790624427
1998-03-13,243.71870732818323
1998-03-16,246.35867091489249
1998-03-17,247.06417842513372
1998-03-18,247.99726900319473
1998-03-19,248.63450159309005
1998-03-20,250.06827492035458
1998-03-23,249.4765589440232
1998-03-24,251.61583978152896
1998-03-25,250.7055075102499
1998-03-26,250.54619936277612
1998-03-27,249.47655894402322
1998-03-30,249.34000910333137
1998-03-31,250.20482476104644
1998-04-01,252.2303140646423
1998-04-02,254.96131087847945
1998-04-03,256.2357760582701
1998-04-06,254.18752844789228
1998-04-07,252.48065543924406
1998-04-08,251.0468821119796
1998-04-09,253.0496131087935
1998-04-13,252.34410559855226
1998-04-14,254.46062812927605
1998-04-15,255.16613563951736
1998-04-16,252.18479745107848
1998-04-17,255.53026854802897
1998-04-20,255.46199362768306
1998-04-21,256.66818388712784
1998-04-22,257.3736913973691
1998-04-23,254.89303595813365
1998-04-24,252.1847974510785
1998-04-27,247.42831133364547
1998-04-28,247.06417842513386
1998-04-29,248.77105143378208
1998-04-30,253.39098771052323
1998-05-01,256.23577605827023
1998-05-04,255.59854346837497
1998-05-05,253.8233955393808
1998-05-06,250.84205735094196
1998-05-07,248.83932635412808
1998-05-08,252.8903049613198
1998-05-11,252.04824761038674
1998-05-12,254.75648611744188
1998-05-13,255.39371870733723
1998-05-14,254.11925352754653
1998-05-15,252.6854802002821
1998-05-18,251.68411470187513
1998-05-19,253.39098771052338
1998-05-20,255.82612653619478
1998-05-21,254.1875284478925
1998-05-22,253.18616294948555
1998-05-26,249.13518434229377
1998-05-27,249.4765589440234
1998-05-28,250.61447428312223
1998-05-29,248.13381884388684
1998-06-01,249.27173418298563
1998-06-02,249.4765589440234
1998-06-03,245.51661356395954
1998-06-04,250.06827492035478
1998-06-05,254.89303595813374
1998-06-08,254.61993627675002
1998-06-09,255.39371870733723
1998-06-10,253.75512061903493
1998-06-11,248.99863450160188
1998-06-12,251.34274010014548
1998-06-15,244.72007282659044
1998-06-16,248.49795175239845
1998-06-17,253.68684569868907
1998-06-18,252.54893035959026
1998-06-19,250.47792444243044
1998-06-22,251.68411470187522
1998-06-23,254.68821119709605
1998-06-24,258.1019572143925
1998-06-25,257.66954938553494
1998-06-26,258.73918980428783
1998-06-29,259.64952207556695
1998-06-30,257.8743741465728
1998-07-01,260.85571233501173
1998-07-02,261.3563950842152
1998-07-06,263.99635867092445
1998-07-07,263.495675921721
1998-07-08,265.40737369140703
1998-07-09,263.6322257624129
1998-07-10,265.06599908967735
1998-07-13,265.1342740100233
1998-07-14,268.1156121984622
1998-07-15,267.61492944925874
1998-07-16,269.48111060538076
1998-07-17,269.8224852071104
1998-07-20,269.8224852071104
1998-07-21,265.13427401002326
1998-07-22,265.13427401002326
1998-07-23,259.87710514338676
1998-07-24,259.649522075567
1998-07-27,261.51570323168903
1998-07-28,257.1005917159857
1998-07-29,256.0992262175788
1998-07-30,259.9453800637327
1998-07-31,254.39235320893056
1998-08-03,253.3227127901777
1998-08-04,243.51388256714594
1998-08-05,246.8593536640965
1998-08-06,247.92899408284939
1998-08-07,248.33864360492495
1998-08-10,246.9276285844424
1998-08-11,243.24078288576226
1998-08-12,247.3600364133
1998-08-13,244.37869822486113
1998-08-14,241.51115157033215
1998-08-17,246.65452890305875
1998-08-18,251.20619025945402
1998-08-19,250.54619936277672
1998-08-20,249.06690942194825
1998-08-21,247.06417842513434
1998-08-24,248.63450159309068
1998-08-25,249.2034592626401
1998-08-26,247.79244424215761
1998-08-27,236.11743286300378
1998-08-28,235.27537551207067
1998-08-31,218.47974510697222
1998-09-01,227.71961766045456
1998-09-02,226.08101957215231
1998-09-03,224.3058716431582
1998-09-04,222.46244879381814
1998-09-08,234.41055985435568
1998-09-09,228.72098315886166
1998-09-10,224.16932180246638
1998-09-11,231.42922166591683
1998-09-14,235.41192535276267
1998-09-15,236.82294037324522
1998-09-16,238.96222121075098
1998-09-17,232.13472917615815
1998-09-18,232.33955393719597
1998-09-21,232.20300409650415
1998-09-22,234.1374601729721
1998-09-23,243.5138825671464
1998-09-24,237.5512061902686
1998-09-25,237.25534820210297
1998-09-28,239.39462903960873
1998-09-29,238.82567137005935
1998-09-30,231.56577150660894
1998-10-01,224.8748293127079
1998-10-02,229.22166590806538
1998-10-05,224.60172963132422
1998-10-06,224.37414656350447
1998-10-07,221.02867546655398
1998-10-08,219.82248520710925
1998-10-09,224.2375967228127
1998-10-12,227.51479289941727
1998-10-13,226.71825216204812
1998-10-14,228.85753299955388
1998-10-15,241.16977696860303
1998-10-16,241.23805188894895
1998-10-19,242.10286754666407
1998-10-20,243.51388256714657
1998-10-21,242.6490669094315
1998-10-22,246.29039599454768
1998-10-23,243.14974965863496
1998-10-26,244.92489758762906
1998-10-27,243.51388256714657
1998-10-28,243.08147473828905
1998-10-29,248.9986345016029
1998-10-30,250.34137460173952
1998-11-02,254.61993627675105
1998-11-03,252.75375512062902
1998-11-04,255.4619936276842
1998-11-05,258.94401456532654
1998-11-06,259.7177969959138
1998-11-09,257.87437414657364
1998-11-10,257.1688666363324
1998-11-11,255.4619936276842
1998-11-12,255.16613563951856
1998-11-13,257.6695493855359
1998-11-16,259.58124715522194
1998-11-17,259.58124715522194
1998-11-18,261.1515703231783
1998-11-19,263.4274010013759
1998-11-20,265.4073736914079
1998-11-23,271.6886663632333
1998-11-24,269.9590350478032
1998-11-25,269.9590350478032
1998-11-27,271.9617660446171
1998-11-30,264.26945835230913
1998-12-01,267.6832043696056
1998-12-02,266.9094219390184
1998-12-03,262.494310423315
1998-12-04,269.41283568503576
1998-12-07,270.68730086482645
1998-12-08,269.4811106053817
1998-12-09,269.9590350478032
1998-12-10,266.0218479745213
1998-12-11,266.5452890305067
1998-12-14,258.8757396449807
1998-12-15,265.5666818388817
1998-12-16,265.20254893037014
1998-12-17,269.4355939918177
1998-12-18,269.6859353664194
1998-12-21,273.4638142922275
1998-12-22,274.6700045516722
1998-12-23,280.4278561675122
1998-12-24,279.22166590806745
1998-12-28,278.51615839782625
1998-12-29,282.9085116067477
1998-12-30,280.6326809285501
1998-12-31,280.6326809285501
1999-01-04,279.99544833865474
1999-01-05,283.2043695949134
1999-01-06,290.0318616295062
1999-01-07,288.59808830224176
1999-01-08,290.73736913974756
1999-01-11,287.9608557123464
1999-01-12,282.7719617660559
1999-01-13,280.7919890760239
1999-01-14,275.87619481111705
1999-01-15,283.06781975422155
1999-01-19,284.9112426035616
1999-01-20,287.1870732817593
1999-01-21,279.56304050979725
1999-01-22,278.92580791990196
1999-01-25,281.770596267649
1999-01-26,286.8912152935937
1999-01-27,283.5457441966431
1999-01-28,288.3249886208581
1999-01-29,289.7815202549046
1999-02-01,288.8256713700616
1999-02-02,287.0277651342855
1999-02-03,289.96358670916044
1999-02-04,285.616750113803
1999-02-05,282.3395539371984
1999-02-08,282.9085116067478
1999-02-09,276.5817023213585
1999-02-10,278.35685025035264
1999-02-11,284.751934456088
1999-02-12,281.3381884387916
1999-02-16,279.6540737369253
1999-02-17,279.3582157487596
1999-02-18,281.56577150661127
1999-02-19,282.77196176605605
1999-02-22,290.30496131089023
1999-02-23,290.1684114701984
1999-02-24,285.0477924442538
1999-02-25,282.3395539371986
1999-02-26,281.2016385980998
1999-03-01,281.998179335469
1999-03-02,279.49476558945156
1999-03-03,280.996813837062
1999-03-04,284.54710969505027
1999-03-05,290.2822030041083
1999-03-08,292.1711424670123
1999-03-09,291.4428766499891
1999-03-10,294.01456531635245
1999-03-11,297.2690031861751
1999-03-12,294.44697314521005
1999-03-15,298.6345015930937
1999-03-16,297.4965862539949
1999-03-17,296.22212107420427
1999-03-18,300.9786071916373
1999-03-19,295.15248065545137
1999-03-22,295.72143832500075
1999-03-23,287.1870732817596
1999-03-24,288.82567137006185
1999-03-25,294.7200728265937
1999-03-26,292.5807919890879
1999-03-29,298.4979517524018
1999-03-30,296.9276285844455
1999-03-31,292.17114246701243
1999-04-01,294.3559399180822
1999-04-05,301.34274010014894
1999-04-06,300.6144742831258
1999-04-07,303.04961310879725
1999-04-08,306.8730086481693
1999-04-09,306.9640418752972
1999-04-12,310.21847974511985
1999-04-13,308.23850705508795
1999-04-14,303.0496131087973
1999-04-15,301.9116977696985
1999-04-16,299.3400091033352
1999-04-19,294.72007282659405
1999-04-20,298.40691852527425
1999-04-21,306.96404187529737
1999-04-22,309.87710514339034
1999-04-23,309.0805644060212
1999-04-26,310.85571233501537
1999-04-27,312.35776058262576
1999-04-28,308.1019572143961
1999-04-29,305.73509330907063
1999-04-30,303.2544378698352
1999-05-03,308.80746472463744
1999-05-04,304.392353208934
1999-05-05,306.80473372782353
1999-05-06,304.91579426491944
1999-05-07,307.2371415566811
1999-05-10,305.7123350022887
1999-05-11,308.80746472463744
1999-05-12,311.21984524352695
1999-05-13,312.56258534366356
1999-05-14,304.46062812927994
1999-05-17,305.393718707341
1999-05-18,304.8247610377916
1999-05-19,307.0323167956433
1999-05-20,305.16613563952126
1999-05-21,303.45926263087307
1999-05-24,298.40691852527425
1999-05-25,293.5821574874953
1999-05-26,296.8593536640999
1999-05-27,292.5807919890883
1999-05-28,296.3131543013324
1999-06-01,295.2890304961436
1999-06-02,295.58488848430926
1999-06-03,297.20072826582964
1999-06-04,303.1861629494894
1999-06-07,303.9599453800766
1999-06-08,300.97860719163765
1999-06-09,300.682749203472
1999-06-10,297.92899408285285
1999-06-11,295.4255803368355
1999-06-14,295.72143832500115
1999-06-15,297.7014110150331
1999-06-16,303.3909877105272
1999-06-17,306.23577605827427
1999-06-18,305.66681838872483
1999-06-21,306.3723258989661
1999-06-22,304.2558033682423
1999-06-23,302.75375512063187
1999-06-24,300.47792444243424
1999-06-25,299.726900318629
1999-06-28,303.3909877105272
1999-06-29,306.2357760582743
1999-06-30,311.78880291307655
1999-07-01,314.13290851162014
1999-07-02,317.2735548475329
1999-07-06,317.205279927187
1999-07-07,317.6149294492626
1999-07-08,317.8652708238643
1999-07-09,319.75421028676834
1999-07-12,318.3431952662859
1999-07-13,317.20527992718706
1999-07-14,318.9804278561812
1999-07-15,321.0059171597772
1999-07-16,322.7355484752074
1999-07-19,320.6190259444836
1999-07-20,314.01911697771044
1999-07-21,313.67774237598087
1999-07-22,309.5584888484432
1999-07-23,308.94401456532984
1999-07-26,306.6681838871322
1999-07-27,309.23987255349556
1999-07-28,310.21847974512053
1999-07-29,305.89440145654504
1999-07-30,302.116522530737
1999-08-02,302.82203004097823
1999-08-03,301.4110150204957
1999-08-04,297.26900318617606
1999-08-05,299.9772416932312
1999-08-06,296.7228038234086
1999-08-09,296.0628129267313
1999-08-10,292.80837505690863
1999-08-11,296.35867091489695
1999-08-12,296.17660446064116
1999-08-13,303.04961310879804
1999-08-16,304.39235320893465
1999-08-17,306.3723258989666
1999-08-18,304.1875284478969
1999-08-19,301.6841147018795
1999-08-20,304.7564861174463
1999-08-23,310.5826126536323
1999-08-24,311.7205279927311
1999-08-25,314.9294492489898
1999-08-26,311.15157032318166
1999-08-27,307.37369139737353
1999-08-30,301.6841147018794
1999-08-31,300.5461993627806
1999-09-01,304.25580336824277
1999-09-02,300.65999089669054
1999-09-03,309.4446973145334
1999-09-07,308.3067819754346
1999-09-08,306.80473372782416
1999-09-09,306.66818388713233
1999-09-10,309.2398725534957
1999-09-13,307.1233500227719
1999-09-14,305.097860719176
1999-09-15,300.273099681397
1999-09-16,301.4337733272778
1999-09-17,304.39235320893476
1999-09-20,303.9599453800773
1999-09-21,297.56486117434184
1999-09-22,297.2234865726122
1999-09-23,291.03322712791464
1999-09-24,290.737369139749
1999-09-27,292.649066909435
1999-09-28,292.08010923988564
1999-09-29,288.5980883022433
1999-09-30,293.0131998179467
1999-10-01,292.3759672280514
1999-10-04,297.56486117434207
1999-10-05,297.2690031861764
1999-10-06,301.82066454257165
1999-10-07,300.1365498407054
1999-10-08,304.6882111971007
1999-10-11,304.1875284478973
1999-10-12,299.4765589440282
1999-10-13,291.7387346381562
1999-10-14,291.6704597178103
1999-10-15,284.205735093322
1999-10-18,286.25398270369993
1999-10-19,289.0304961311011
1999-10-20,291.87528447884813
1999-10-21,293.5821574874963
1999-10-22,296.0628129267318
1999-10-25,294.58352298590336
1999-10-26,290.8739189804412
1999-10-27,296.13108784707777
1999-10-28,306.23577605827535
1999-10-29,311.7888029130776
1999-11-01,308.51160673647297
1999-11-02,306.30405097862126
1999-11-03,308.37505689578114
1999-11-04,310.71916249432473
1999-11-05,313.79153390989154
1999-11-08,314.0646335912752
1999-11-09,311.10605370961827
1999-11-10,313.4274010013799
1999-11-11,315.20254893037406
1999-11-12,318.04733727812106
1999-11-15,318.79836140192634
1999-11-16,321.46108329541755
1999-11-17,322.30314064635064
1999-11-18,324.5789713245483
1999-11-19,324.2831133363826
1999-11-22,324.23759672281864
1999-11-23,321.39280837507164
1999-11-24,323.3045061447576
1999-11-26,321.75694128358316
1999-11-29,320.75557578517623
1999-11-30,317.2280382339699
1999-12-01,319.54938552573157
1999-12-02,321.4610832954176
1999-12-03,327.3554847519495
1999-12-06,324.94310423306
1999-12-07,322.3031406463508
1999-12-08,320.2548930359729
1999-12-09,321.82521620392924
1999-12-10,322.89485662268214
1999-12-13,323.44105598544957
1999-12-14,320.3231679563188
1999-12-15,321.9845243514031
1999-12-16,323.44105598544957
1999-12-17,324.7382794720222
1999-12-20,322.3941738734787
1999-12-21,327.28720983160366
1999-12-22,328.15202548931876
1999-12-23,333.36367774239136
1999-12-27,332.90851160675186
1999-12-28,332.7036868457141
1999-12-29,334.11470186619664
1999-12-30,333.7278106509031
1999-12-31,334.2740100136706
2000-01-03,330.996813837066
2000-01-04,318.04733727812135
2000-01-05,318.6162949476707
2000-01-06,317.6149294492638
2000-01-07,331.7023213473072
2000-01-10,333.13609467457167
2000-01-11,328.4251251707026
2000-01-12,325.58033682295553
2000-01-13,329.79062357762115
2000-01-14,334.4788347747083
2000-01-18,331.838871187999
2000-01-19,332.84023668640594
2000-01-20,329.4264906691095
2000-01-21,328.72098315886825
2000-01-24,319.39007737825796
2000-01-25,321.25625853438004
2000-01-26,320.4597177970109
2000-01-27,319.32180245791216
2000-01-28,309.2398725534965
2000-01-31,317.61492944926385
2000-02-01,320.75557578517663
2000-02-02,321.02867546656034
2000-02-03,325.8761948111213
2000-02-04,324.51069640420275
2000-02-07,324.0327719617812
2000-02-08,328.42512517070264
2000-02-09,321.52935821576386
2000-02-10,322.1665908056592
2000-02-11,316.79563040511283
2000-02-14,317.4783796085721
2000-02-15,321.09695038690637
2000-02-16,316.7728720983309
2000-02-17,314.7018661811711
2000-02-18,307.37369139737467
2000-02-22,307.1688666363369
2000-02-23,310.78743741467116
2000-02-24,308.10195721439794
2000-02-25,303.43650432409277
2000-02-28,309.78607191626423
2000-02-29,312.7901684114851
2000-03-01,315.0659990896828
2000-03-02,315.2708238507206
2000-03-03,321.16522530725257
2000-03-06,318.18388711881363
2000-03-07,311.083295402837
2000-03-08,311.5157032316945
2000-03-09,320.6190259444851
2000-03-10,319.0487027765287
2000-03-13,315.4073736914125
2000-03-14,310.9239872553631
2000-03-15,318.0473372781217
2000-03-16,333.40919435595583
2000-03-17,334.4105598543628
2000-03-20,332.7036868457146
2000-03-21,339.53117888030755
2000-03-22,341.5794264906855
2000-03-23,347.0641784251418
2000-03-24,349.47655894403124
2000-03-27,345.7897132453511
2000-03-28,343.78698224853713
2000-03-29,344.15111515704876
2000-03-30,338.3932635412087
2000-03-31,342.23941738736266
2000-04-03,344.2193900773947
2000-04-04,330.7692307692466
2000-04-05,339.53117888030755
2000-04-06,342.46700045518253
2000-04-07,344.6517979062523
2000-04-10,343.28629949933367
2000-04-11,342.3076923077087
2000-04-12,332.9085116067524
2000-04-13,328.2885753300112
2000-04-14,308.5116067364736
2000-04-17,319.18525261722056
2000-04-18,328.7892580792147
2000-04-19,325.7168866636478
2000-04-20,327.2872098316042
2000-04-24,323.73691397361586
2000-04-25,337.18707328176396
2000-04-26,333.34091943561
2000-04-27,331.7023213473077
2000-04-28,330.20027309969726
2000-05-01,334.68365953574664
2000-05-02,328.0837505689734
2000-05-03,322.30314064635144
2000-05-04,322.73554847520893
2000-05-05,326.64997724170894
2000-05-08,324.19208010925547
2000-05-09,321.5976331361101
2000-05-10,314.33773327265965
2000-05-11,321.756941283584
2000-05-12,325.01137915340666
2000-05-15,330.6326809285548
2000-05-16,333.84160218481355
2000-05-17,330.35958124717115
2000-05-18,327.28720983160434
2000-05-19,321.1652253072526
2000-05-22,312.8129267182673
2000-05-23,314.064633591276
2000-05-24,318.6845698680172
2000-05-25,314.58807464726146
2000-05-26,314.06463359127605
2000-05-30,324.2375967228196
2000-05-31,324.2375967228196
2000-06-01,330.7009558489009
2000-06-02,336.45880746474097
2000-06-05,334.82020937643864
2000-06-06,333.3409194356102
2000-06-07,335.6395084205898
2000-06-08,334.34228493401713
2000-06-09,333.6140191169939
2000-06-12,329.7223486572759
2000-06-13,335.88984979519154
2000-06-14,336.45880746474097
2000-06-15,337.1870732817642
2000-06-16,333.614019116994
2000-06-19,337.8925807920055
2000-06-20,336.6863905325607
2000-06-21,336.45880746474097
2000-06-22,331.4064633591422
2000-06-23,328.5844333181771
2000-06-26,332.7947200728428
2000-06-27,330.3595812471713
2000-06-28,331.2699135184503
2000-06-29,327.9927173418457
2000-06-30,331.1333636777585
2000-07-03,335.18434228495033
2000-07-05,329.1306326809446
2000-07-06,331.70232134730793
2000-07-07,337.0277651342904
2000-07-10,336.458807464741
2000-07-11,337.18707328176424
2000-07-12,339.37187073283405
2000-07-13,340.8739189804445
2000-07-14,344.2193900773951
2000-07-17,343.6504324078457
2000-07-18,340.8511606736626
2000-07-19,338.39326354120914
2000-07-20,342.6490669094388
2000-07-21,336.11743286301146
2000-07-24,334.18297678654346
2000-07-25,335.2526172052963
2000-07-26,331.99817933547365
2000-07-27,330.8602639963749
2000-07-28,323.3727810651047
2000-07-31,325.23896222122676
2000-08-01,327.44651797907846
2000-08-02,329.06235776059884
2000-08-03,331.33818843879646
2000-08-04,333.13609467457263
2000-08-07,337.09604005463655
2000-08-08,338.39326354120925
2000-08-09,335.5484751934622
2000-08-10,333.90987710515986
2000-08-11,335.48020027311634
2000-08-14,339.7360036413459
2000-08-15,339.46290395996226
2000-08-16,338.2339553937355
2000-08-17,341.80700955850585
2000-08-18,340.66909421940704
2000-08-21,342.64906690943906
2000-08-22,342.0801092398897
2000-08-23,343.28629949933446
2000-08-24,344.3559399180873
2000-08-25,344.2193900773955
2000-08-28,345.40282203005825
2000-08-29,345.4710969504042
2000-08-30,342.1483841602356
2000-08-31,346.70004551663095
2000-09-01,347.0641784251426
2000-09-05,344.28766499774144
2000-09-06,340.37323623124144
2000-09-07,343.2862994993344
2000-09-08,340.94219390079087
2000-09-11,340.4415111515874
2000-09-12,337.96085571235193
2000-09-13,338.848429676849
2000-09-14,337.892580792006
2000-09-15,332.2712790168578
2000-09-18,329.22166590807296
2000-09-19,332.20300409651185
2000-09-20,329.7451069640584
2000-09-21,326.30860263997994
2000-09-22,330.6326809285555
2000-09-25,328.08375056897415
2000-09-26,324.10104688212834
2000-09-27,325.80791989077665
2000-09-28,332.5443786982417
2000-09-29,326.85480200274753
2000-10-02,327.35548475195105
2000-10-03,324.30587164316614
2000-10-04,327.0141101502213
2000-10-05,328.1520254893201
2000-10-06,321.02867546656154
2000-10-09,318.61629494767203
2000-10-10,313.35912608103547
2000-10-11,310.71916249432616
2000-10-12,302.9585798816722
2000-10-13,313.0632680928698
2000-10-16,314.4970414201344
2000-10-17,306.66818388713443
2000-10-18,305.5302685480356
2000-10-19,317.0459717797158
2000-10-20,318.4114701866344
2000-10-23,319.8224852071169
2000-10-24,317.2052799271896
2000-10-25,310.21847974512286
2000-10-26,311.0832954028379
2000-10-27,316.9776968593699
2000-10-30,319.75421028677107
2000-10-31,325.3299954483553
2000-11-01,324.2375967228204
2000-11-02,324.76103777880587
2000-11-03,324.94310423306166
2000-11-06,327.2189349112593
2000-11-07,327.15065999091337
2000-11-08,319.89076012746284
2000-11-09,314.4287664997885
2000-11-10,310.9239872553641
2000-11-13,308.5116067364746
2000-11-14,316.6135639508583
2000-11-15,317.6149294492653
2000-11-16,312.6536185707944
2000-11-17,310.9695038689281
2000-11-20,306.5316340464427
2000-11-21,308.1019572143991
2000-11-22,300.40964952209094
2000-11-24,306.8730086481723
2000-11-27,309.5812471552275
2000-11-28,304.255803368245
2000-11-29,302.1165225307392
2000-11-30,301.0468821119863
2000-12-01,300.40964952209094
2000-12-04,303.32271279018397
2000-12-05,313.4274010013816
2000-12-06,308.4205735093468
2000-12-07,304.6882111971026
2000-12-08,303.9599453800794
2000-12-11,315.47564861175954
2000-12-12,314.132908511623
2000-12-13,309.8315885298294
2000-12-14,305.8944014565474
2000-12-15,298.0655439235476
2000-12-18,302.04824761039345
2000-12-19,295.9035047792598
2000-12-20,287.3236231224546
2000-12-21,289.30359581248655
2000-12-22,297.9972690032016
2000-12-26,301.1834319526783
2000-12-27,303.39098771053006
2000-12-28,304.324078288591
2000-12-29,298.56622667275093
2001-01-02,293.14974965864053
2001-01-03,307.23714155668404
2001-01-04,303.9371870732975
2001-01-05,294.0145653163557
2001-01-08,296.29039599455336
2001-01-09,295.49385525718424
2001-01-10,300.68274920347494
2001-01-11,300.9786071916406
2001-01-12,300.4096495220912
2001-01-16,302.3213472917772
2001-01-17,303.70960400547773
2001-01-18,306.7364588074807
2001-01-19,305.00682749205043
2001-01-22,307.0323167956464
2001-01-23,309.4446973145359
2001-01-24,310.37778789259704
2001-01-25,309.58124715522786
2001-01-26,309.23987255349823
2001-01-29,310.87847064180056
2001-01-30,313.6094674556378
2001-01-31,311.83431952664364
2001-02-01,313.9053254438035
2001-02-02,306.7819754210448
2001-02-05,309.03504779246043
2001-02-06,308.1247155211814
2001-02-07,306.53163404644306
2001-02-08,302.95857988167273
2001-02-09,300.04551661357976
2001-02-12,303.48202093765815
2001-02-13,301.00136549842273
2001-02-14,300.54619936278317
2001-02-15,303.4592626308762
2001-02-16,296.76832043697516
2001-02-20,292.19390077379785
2001-02-21,285.88984979519034
2001-02-22,286.32225762404795
2001-02-23,284.3878015475799
2001-02-26,290.4415111515857
2001-02-27,287.75603095131237
2001-02-28,282.08921256260027
2001-03-01,283.5685025034287
2001-03-02,281.31543013201303
2001-03-05,283.8871187983764
2001-03-06,286.9367319071613
2001-03-07,288.98497951753916
2001-03-08,289.30359581248683
2001-03-09,280.7464724624636
2001-03-12,268.73008648158
2001-03-13,273.14519799728345
2001-03-14,267.75147928995506
2001-03-15,267.81975421030097
2001-03-16,261.7432862995132
2001-03-19,267.0687300864957
2001-03-20,259.8998634501731
2001-03-21,255.4847519344696
2001-03-22,252.8903049613243
2001-03-23,260.53709604006843
2001-03-26,263.859808830237
2001-03-27,269.25352753756545
2001-03-28,261.81156121985913
2001-03-29,262.8129267182661
2001-03-30,265.5666818388853
2001-04-02,259.8998634501731
2001-04-03,251.22894856624
2001-04-04,252.27583067821092
2001-04-05,261.83431952664114
2001-04-06,257.8516158397953
2001-04-09,260.71916249432434
2001-04-10,265.47564861175744
2001-04-11,265.6577150660132
2001-04-12,270.48247610379224
2001-04-16,267.6376877560452
2001-04-17,271.4155666818533
2001-04-18,282.20300409651026
2001-04-19,285.9581247155364
2001-04-20,283.3409194356092
2001-04-23,278.1975421028825
2001-04-24,276.695493855272
2001-04-25,280.1775147929144
2001-04-26,281.56577150661496
2001-04-27,286.25398270370215
2001-04-30,284.27401001367014
2001-05-01,289.14428766501317
2001-05-02,288.62084660902775
2001-05-03,284.95675921712956
2001-05-04,289.8042785616906
2001-05-07,287.3008648156731
2001-05-08,287.16431497498127
2001-05-09,285.9581247155365
2001-05-10,286.80018206646963
2001-05-11,284.8202093764377
2001-05-14,285.38916704598705
2001-05-15,286.7091488393417
2001-05-16,293.4683659535887
2001-05-17,293.9235320892283
2001-05-18,295.26627218936494
2001-05-21,299.6131087847225
2001-05-22,299.22621756942885
2001-05-23,294.1511151570481
2001-05-24,295.0159308147632
2001-05-25,291.5339098771208
2001-05-29,289.2125625853592
2001-05-30,285.16158397816736
2001-05-31,286.64087391899585
2001-06-01,288.41602184799
2001-06-04,289.8042785616906
2001-06-05,293.1269913518592
2001-06-06,290.6918525261877
2001-06-07,291.73873463815863
2001-06-08,289.0304961311034
2001-06-11,286.9822485207254
2001-06-12,286.48156577152196
2001-06-13,284.0236686390685
2001-06-14,277.65134274011507
2001-06-15,277.3099681383854
2001-06-18,275.9672280382488
2001-06-19,277.17341829769356
2001-06-20,278.62994993174016
2001-06-21,281.79335457443483
2001-06-22,279.5857988165832
2001-06-25,277.01411015021984
2001-06-26,276.62721893492625
2001-06-27,276.46791078745247
2001-06-28,277.99271734184487
2001-06-29,279.4264906691094
2001-07-02,282.4988620846762
2001-07-03,282.4305871643303
2001-07-05,276.923076923092
2001-07-06,270.93764223943214
2001-07-09,272.41693218026063
2001-07-10,269.13973600365597
2001-07-11,269.4128356850397
2001-07-12,275.80791989077517
2001-07-13,278.1975421028827
2001-07-16,274.71552116524026
2001-07-17,277.28720983160366
2001-07-18,275.3982703686996
2001-07-19,277.81065088758913
2001-07-20,276.1492944925049
2001-07-23,270.7100591716125
2001-07-24,268.0928538916852
2001-07-25,271.0514337733422
2001-07-26,273.89622212108924
2001-07-27,274.9431042330602
2001-07-30,275.03413746018805
2001-07-31,275.9444697314672
2001-08-01,277.90168411471717
2001-08-02,279.039599453816
2001-08-03,277.5147928994236
2001-08-06,273.7824305871794
2001-08-07,274.8520710059323
2001-08-08,269.75421028676953
2001-08-09,270.55075102413866
2001-08-10,271.48384160219973
2001-08-13,271.55211652254565
2001-08-14,271.4383249886358
2001-08-15,269.09421939009223
2001-08-16,270.0273099681533
2001-08-17,265.7032316795777
2001-08-20,268.16112881203117
2001-08-21,263.58670914885386
2001-08-22,266.3177059626911
2001-08-23,265.36185707784813
2001-08-24,270.8693673190865
2001-08-27,269.2535275375662
2001-08-28,265.3163404642842
2001-08-29,262.9494765589586
2001-08-30,257.89713245335975
2001-08-31,259.78607191626384
2001-09-04,258.12471552117955
2001-09-05,258.76194811107484
2001-09-06,252.0937642239557
2001-09-07,247.56486117434235
2001-09-10,250.45516613565337
2001-09-17,237.3691397360168
2001-09-18,236.80018206646736
2001-09-19,232.02093764225228
2001-09-20,224.64724624489185
2001-09-21,221.39280837506922
2001-09-24,229.17614929450525
2001-09-25,231.5657715066128
2001-09-26,230.74647246246167
2001-09-27,232.7492034592756
2001-09-28,237.68775603096452
2001-10-01,237.30086481567093
2001-10-02,240.28220300410985
2001-10-03,244.31042330451973
2001-10-04,244.51524806555756
2001-10-05,244.03732362313607
2001-10-08,242.4442421483977
2001-10-09,241.14701866182503
2001-10-10,246.5179790623715
2001-10-11,250.34137460174358
2001-10-12,249.20345926264477
2001-10-15,248.7482931270052
2001-10-16,250.3186162949616
2001-10-17,244.99317250797907
2001-10-18,244.4697314519936
2001-10-19,244.31042330451973
2001-10-22,249.13518434229877
2001-10-23,247.8607191625081
2001-10-24,247.2007282658308
2001-10-25,251.63859808831623
2001-10-26,251.06964041876685
2001-10-29,244.53800637233957
2001-10-30,241.6021847974646
2001-10-31,240.78288575331342
2001-11-01,246.9503868912291
2001-11-02,248.6345015930954
2001-11-05,251.8889394629181
2001-11-06,255.8033682294181
2001-11-07,255.46199362768843
2001-11-08,256.25853436505764
2001-11-09,256.53163404644135
2001-11-12,254.96131087848494
2001-11-13,260.69640418754307
2001-11-14,260.9467455621448
2001-11-15,261.42467000456634
2001-11-16,260.2639963586855
2001-11-19,263.4729176149442
2001-11-20,261.2653618570925
2001-11-21,259.5357305416623
2001-11-23,263.26809285390647
2001-11-26,263.8370505234559
2001-11-27,262.6991351843571
2001-11-28,257.942649066924
2001-11-29,261.4246700045664
2001-11-30,259.55848884844437
2001-12-03,258.01092398726996
2001-12-04,262.3805188894095
2001-12-05,267.18252162040653
2001-12-06,267.04597177971465
2001-12-07,265.2708238507205
2001-12-10,260.30951297224954
2001-12-11,259.7860719162641
2001-12-12,260.08192990442984
2001-12-13,255.029585798831
2001-12-14,257.4647246245025
2001-12-17,260.1274465179938
2001-12-18,261.67501137916827
2001-12-19,263.51843422850834
2001-12-20,260.92398725536304
2001-12-21,261.6067364588223
2001-12-24,261.10605370961883
2001-12-26,262.53982703688337
2001-12-27,264.1329085116217
2001-12-28,263.99635867092985
2001-12-31,260.1274465179938
2002-01-02,262.9267182521769
2002-01-03,265.90805644061584
2002-01-04,267.68320436961
2002-01-07,265.79426490670596
2002-01-08,265.17979062359257
2002-01-09,263.0177514793048
2002-01-10,264.17842512518564
2002-01-11,261.5839781520403
2002-01-14,259.945380063738
2002-01-15,262.06190259446186
2002-01-16,256.7592171142612
2002-01-17,258.69367319072927
2002-01-18,257.5102412380665
2002-01-22,255.73509330907228
2002-01-23,257.6923076923223
2002-01-24,258.4888484296914
2002-01-25,258.42057350934556
2002-01-28,259.1260810195868
2002-01-29,250.9786071916392
2002-01-30,254.59717796997353
2002-01-31,257.57851615841247
2002-02-01,256.37232589896774
2002-02-04,250.00000000001427
2002-02-05,248.4524351388399
2002-02-06,247.38279472008696
2002-02-07,245.8352298589125
2002-02-08,250.5461993627817
2002-02-11,253.61857077834858
2002-02-12,252.82203004097946
2002-02-13,255.5075102412527
2002-02-14,255.02958579883116
2002-02-15,252.36686390533993
2002-02-19,247.51934456077893
2002-02-20,251.68411470188065
2002-02-21,246.472462448808
2002-02-22,249.52207555759287
2002-02-25,253.64132908513065
2002-02-26,253.11788802914523
2002-02-27,254.09649522077024
2002-02-28,252.9585798816714
2002-03-01,258.85298133820334
2002-03-04,263.4274010013807
2002-03-05,262.5853436504476
2002-03-06,265.70323167957844
2002-03-07,265.134274010029
2002-03-08,266.24943104234586
2002-03-11,266.9321802458052
2002-03-12,266.6590805644215
2002-03-13,264.0873918980582
2002-03-14,263.72325898954654
2002-03-15,265.47564861175874
2002-03-18,265.52116522532265
2002-03-19,267.2963131543168
2002-03-20,262.26672735549994
2002-03-21,262.38051888940987
2002-03-22,261.8115612198605
2002-03-25,258.5571233500378
2002-03-26,260.05917159764823
2002-03-27,260.7419208011075
2002-03-28,260.6281292671976
2002-04-01,260.7419208011075
2002-04-02,259.30814747384295
2002-04-03,257.6012744651947
2002-04-04,256.417842512532
2002-04-05,256.46335912609595
2002-04-08,257.0095584888634
2002-04-09,255.21165225308718
2002-04-10,258.10195721439817
2002-04-11,251.68411470188076
2002-04-12,253.57305416478485
2002-04-15,251.63859808831683
2002-04-16,257.6240327719767
2002-04-17,257.0778334092093
2002-04-18,255.96267637689246
2002-04-19,256.89576695495356
2002-04-22,252.61720527994197
2002-04-23,251.52480655440712
2002-04-24,248.9986345016077
2002-04-25,249.13518434229954
2002-04-26,244.4014565316484
2002-04-29,243.19526627220364
2002-04-30,245.4710969504013
2002-05-01,248.47519344562224
2002-05-02,247.5193445607792
2002-05-03,244.8338643605059
2002-05-06,240.03186162950882
2002-05-07,239.1898042785757
2002-05-08,248.08830223032868
2002-05-09,245.22075557579961
2002-05-10,240.7373691397502
2002-05-13,245.49385525718336
2002-05-14,250.84205735094793
2002-05-15,249.86345015932295
2002-05-16,251.1606736458956
2002-05-17,252.38962221212233
2002-05-20,249.6586253982851
2002-05-21,247.38279472008742
2002-05-22,247.9289940828548
2002-05-23,250.56895766956413
2002-05-24,247.3600364133054
2002-05-28,246.01729631316877
2002-05-29,244.19663177061065
2002-05-30,243.5138825671514
2002-05-31,243.33181611289564
2002-06-03,237.5284478834916
2002-06-04,238.12016385982298
2002-06-05,240.3504779244567
2002-06-06,235.4574419663317
2002-06-07,235.184342284948
2002-06-10,236.09467455622703
2002-06-11,232.0436959490352
2002-06-12,233.4547109695178
2002-06-13,231.1106053709742
2002-06-14,230.76923076924461
2002-06-17,236.9594902139423
2002-06-18,238.89394629041033
2002-06-19,233.318161128826
2002-06-20,230.3368229403871
2002-06-21,225.9444697314656
2002-06-24,227.12790168412843
2002-06-25,222.03004096496562
2002-06-26,222.39417387347723
2002-06-27,226.28584433319529
2002-06-28,225.2162039144424
2002-07-01,220.82385070552087
2002-07-02,216.13563950843368
2002-07-03,217.36458807466042
2002-07-05,226.0127446518116
2002-07-08,223.19071461084644
2002-07-09,217.5694128356982
2002-07-10,209.6495220755703
2002-07-11,211.35639508421855
2002-07-12,209.0350477924569
2002-07-15,210.15020482477382
2002-07-16,206.09922621758193
2002-07-17,206.50887573965755
2002-07-18,199.8179335457564
2002-07-19,192.7856167501256
2002-07-22,187.07328174784942
2002-07-23,181.95266272190466
2002-07-24,192.80837505690758
2002-07-25,191.16977696860525
2002-07-26,194.81110605372152
2002-07-29,204.30131998180582
2002-07-30,206.9640418752971
2002-07-31,207.6695493855384
2002-08-01,202.04824761039015
2002-08-02,197.51934456077677
2002-08-05,190.6463359126198
2002-08-06,197.06417842513727
2002-08-07,200.50068274921574
2002-08-08,207.0095584888611
2002-08-09,207.76058261266635
2002-08-12,206.23577605827396
2002-08-13,202.3896222121199
2002-08-14,209.87710514339025
2002-08-15,212.79016841148328
2002-08-16,212.15293582158793
2002-08-19,217.1142467000589
2002-08-20,214.81565771507923
2002-08-21,217.91078743742807
2002-08-22,220.02730996815197
2002-08-23,215.29358215750074
2002-08-26,216.79563040511124
2002-08-27,214.29221665909378
2002-08-28,209.60400546200657
2002-08-29,209.69503868913452
2002-08-30,208.87573964498335
2002-09-03,200.9103322712915
2002-09-04,203.77787892582063
2002-09-05,202.04824761039043
2002-09-06,204.8247610377916
2002-09-09,206.32680928540202
2002-09-10,208.69367319072768
2002-09-11,207.39644970415497
2002-09-12,203.57305416478292
2002-09-13,204.07373691398644
2002-09-16,204.57441966318993
2002-09-17,199.8862084661027
2002-09-18,197.88347746928875
2002-09-19,192.76285844334396
2002-09-20,191.96631770597477
2002-09-23,190.39599453801839
2002-09-24,187.32362312245155
2002-09-25,191.9663177059748
2002-09-26,195.10696404188766
2002-09-27,188.32498862085853
2002-09-30,186.14019116978878
2002-10-01,195.08420573510566
2002-10-02,189.827036868469
2002-10-03,187.32362312245158
2002-10-04,183.88711879837308
2002-10-07,180.08648156578292
2002-10-08,182.90851160674808
2002-10-09,177.74237596723933
2002-10-10,183.50022758307946
2002-10-11,191.5339098771173
2002-10-14,192.60355029587024
2002-10-15,201.86618115613481
2002-10-16,196.9731451980098
2002-10-17,200.88757396450978
2002-10-18,201.7296313154429
2002-10-21,205.21165225308536
2002-10-22,203.73236231225684
2002-10-23,205.27992717343128
2002-10-24,201.09239872554753
2002-10-25,205.27992717343128
2002-10-28,203.93718707329464
2002-10-29,201.57032316796904
2002-10-30,203.5275375512191
2002-10-31,201.45653163405922
2002-11-01,205.43923532090517
2002-11-04,207.3964497041552
2002-11-05,209.03504779245753
2002-11-06,211.7432862995128
2002-11-07,206.55439235322203
2002-11-08,204.02822030042262
2002-11-11,200.86481565772783
2002-11-12,202.4578971324662
2002-11-13,202.66272189350397
2002-11-14,206.48611743287609
2002-11-15,208.01092398726854
2002-11-18,205.9171597633267
2002-11-19,205.64406008194297
2002-11-20,210.2184797451203
2002-11-21,214.13290851162031
2002-11-22,212.60810195722786
2002-11-25,212.74465179791972
2002-11-26,208.69367319072785
2002-11-27,214.5653163404779
2002-11-29,213.81429221667267
2002-12-02,214.22394173874824
2002-12-03,211.35639508421917
2002-12-04,210.40054619937618
2002-12-05,208.07919890761454
2002-12-06,209.44469731453316
2002-12-09,203.68684569869296
2002-12-10,206.41784251253023
2002-12-11,206.59990896678605
2002-12-12,206.57715066000404
2002-12-13,203.32271279018136
2002-12-16,208.57988165681806
2002-12-17,206.7592171142599
2002-12-18,204.36959490215236
2002-12-19,202.91306326810584
2002-12-20,204.80200273100994
2002-12-23,204.87027765135588
2002-12-24,203.3682294037454
2002-12-26,203.43650432409137
2002-12-27,198.862084660914
2002-12-30,200.52344105599832
2002-12-31,200.79654073738203
2003-01-02,207.25989986346346
2003-01-03,207.8971324533588
2003-01-06,211.56121984525709
2003-01-07,211.03777878927167
2003-01-08,207.98816568048676
2003-01-09,211.2198452435275
2003-01-10,211.78880291307692
2003-01-13,211.72052799273095
2003-01-14,212.40327719619026
2003-01-15,210.2867546654664
2003-01-16,209.4219390077513
2003-01-17,206.32680928540245
2003-01-21,203.11788802914373
2003-01-22,200.65999089669023
2003-01-23,201.95721438326285
2003-01-24,196.58625398271633
2003-01-27,193.90077378244308
2003-01-28,195.33454710970764
2003-01-29,196.81383705053614
2003-01-30,192.1483841602309
2003-01-31,195.85798816569314
2003-02-03,196.24487938098676
2003-02-04,194.31042330451868
2003-02-05,193.10423304507393
2003-02-06,192.19390077379487
2003-02-07,189.84979517525124
2003-02-10,191.19253527538785
2003-02-11,189.8725534820332
2003-02-12,186.84569868003024
2003-02-13,187.41465634957967
2003-02-14,191.51115157033556
2003-02-18,194.8793809740681
2003-02-19,193.85525716887918
2003-02-20,191.92080109241115
2003-02-21,193.92353208922515
2003-02-24,190.71461083296643
2003-02-25,192.2394173873589
2003-02-26,189.44014565317576
2003-02-27,191.94355939919322
2003-02-28,193.21802457898394
2003-03-03,191.3746017296438
2003-03-04,188.32498862085887
2003-03-05,189.91807009559724
2003-03-06,188.32498862085887
2003-03-07,189.62221210743152
2003-03-10,185.07055075103617
2003-03-11,183.24988620847805
2003-03-12,184.47883477470478
2003-03-13,190.8511606736583
2003-03-14,191.46563495677168
2003-03-17,197.4965862539956
2003-03-18,198.65725989987638
2003-03-19,200.18206645426883
2003-03-20,200.6144742831264
2003-03-21,204.0737369139869
2003-03-24,197.2917614929578
2003-03-25,199.18070095586188
2003-03-26,198.1793354574549
2003-03-27,198.33864360492876
2003-03-28,197.33727810652178
2003-03-31,192.85389167047234
2003-04-01,195.81247155212935
2003-04-02,200.38689121530666
2003-04-03,199.5903504779375
2003-04-04,200.84205735094622
2003-04-07,200.38689121530666
2003-04-08,200.70550751025436
2003-04-09,198.06554392354508
2003-04-10,199.15794264908
2003-04-11,198.33864360492882
2003-04-14,202.43513882568465
2003-04-15,204.3240782885887
2003-04-16,200.84205735094628
2003-04-17,203.82339553938525
2003-04-21,204.02822030042302
2003-04-22,207.87437414657708
2003-04-23,209.78607191626315
2003-04-24,207.91989076014104
2003-04-25,205.34820209377767
2003-04-28,208.89849795176607
2003-04-29,209.44469731453356
2003-04-30,209.17159763314984
2003-05-01,209.14883932636795
2003-05-02,212.13017751480692
2003-05-05,211.72052799273135
2003-05-06,213.72325898954534
2003-05-07,212.5398270368825
2003-05-08,210.40054619937672
2003-05-09,213.31360946746977
2003-05-12,215.9308147473971
2003-05-13,215.5439235321035
2003-05-14,215.08875739646402
2003-05-15,216.45425580338264
2003-05-16,215.90805644061524
2003-05-19,210.85571233501636
2003-05-20,210.42330450615881
2003-05-21,210.85571233501636
2003-05-22,212.94947655895822
2003-05-23,213.38188438781577
2003-05-27,217.11424670006002
2003-05-28,217.7287209831734
2003-05-29,217.15976331362396
2003-05-30,220.64178425126647
2003-06-02,221.5521165225455
2003-06-03,222.46244879382456
2003-06-04,225.67137005008334
2003-06-05,226.78652708240023
2003-06-06,225.89895311790312
2003-06-09,223.60036413292343
2003-06-10,225.87619481112117
2003-06-11,228.26581702322875
2003-06-12,228.97132453347004
2003-06-13,226.5817023213625
2003-06-16,231.36094674557762
2003-06-17,231.36094674557762
2003-06-18,231.15612198453982
2003-06-19,227.6285844333334
2003-06-20,226.30860263997877
2003-06-23,223.98725534821713
2003-06-24,224.21483841603686
2003-06-25,221.96176604462119
2003-06-26,224.85207100593226
2003-06-27,222.25762403278694
2003-06-30,222.18934911244096
2003-07-01,224.23759672281886
2003-07-02,227.05962676378397
2003-07-03,224.44242148385663
2003-07-07,229.17614929450787
2003-07-08,230.20027309969686
2003-07-09,228.90304961312418
2003-07-10,225.98998634503116
2003-07-11,228.129267182537
2003-07-14,229.24442421485386
2003-07-15,228.7437414656504
2003-07-16,227.40100136551376
2003-07-17,224.16932180247304
2003-07-18,226.46791078745272
2003-07-21,223.66863905326957
2003-07-22,225.69412835686555
2003-07-23,225.85343650433938
2003-07-24,224.14656349569114
2003-07-25,228.10650887575514
2003-07-28,227.26445152482196
2003-07-29,226.21756941285102
2003-07-30,225.67137005008357
2003-07-31,226.19481110606904
2003-08-01,224.19208010925507
2003-08-04,224.19208010925507
2003-08-05,219.43559399182192
2003-08-06,220.71005917161264
2003-08-07,223.03140646337428
2003-08-08,223.6686390532696
2003-08-11,224.51069640420278
2003-08-12,226.55894401458067
2003-08-13,225.3982703686999
2003-08-14,226.26308602641498
2003-08-15,226.71825216205454
2003-08-18,228.67546654530457
2003-08-19,229.54028220301964
2003-08-20,228.6071916249586
2003-08-21,229.33545744198182
2003-08-22,227.05962676378414
2003-08-25,227.4237596722958
2003-08-26,227.83340919437137
2003-08-27,227.9016841147173
2003-08-28,229.31269913519992
2003-08-29,230.86026399637433
2003-09-02,233.95539371872317
2003-09-03,235.22985889851387
2003-09-04,235.34365043242374
2003-09-05,234.02366863906906
2003-09-08,235.95812471553708
2003-09-09,234.41055985436262
2003-09-10,232.04369594903702
2003-09-11,232.72644515249635
2003-09-12,233.15885298135393
2003-09-15,232.33955393720277
2003-09-16,235.73054164771733
2003-09-17,235.27537551207783
2003-09-18,238.05188893947903
2003-09-19,235.93536640875521
2003-09-22,233.3864360491738
2003-09-23,234.27401001367093
2003-09-24,230.10923987256916
2003-09-25,228.2203004096651
2003-09-26,227.46927628585988
2003-09-29,229.69959035049365
2003-09-30,227.46927628585988
2003-10-01,232.31679563042098
2003-10-02,233.2271279017001
2003-10-03,235.29813381886
2003-10-06,236.3677742376129
2003-10-07,237.27810650889202
2003-10-08,236.68639053256064
2003-10-09,237.32362312245604
2003-10-10,237.98361401913337
2003-10-13,238.73463814293868
2003-10-14,239.55393718708984
2003-10-15,238.93946290397645
2003-10-16,239.8953117888195
2003-10-17,237.27810650889217
2003-10-20,239.0532544378864
2003-10-21,238.6436049158108
2003-10-22,235.63950842058986
2003-10-23,235.2071005917323
2003-10-24,235.73054164771779
2003-10-27,235.84433318162766
2003-10-28,239.0532544378864
2003-10-29,239.3718707328341
2003-10-30,239.87255348203757
2003-10-31,239.6449704142178
2003-11-03,241.21529358217418
2003-11-04,240.85116067366252
2003-11-05,241.12426035504626
2003-11-06,242.1483841602352
2003-11-07,240.4642694583689
2003-11-10,239.37187073283405
2003-11-11,239.30359581248814
2003-11-12,241.9890760127614
2003-11-13,242.05735093310733
2003-11-14,240.00910332272946
2003-11-17,238.8029130632847
2003-11-18,236.2767410104852
2003-11-19,238.3249886208632
2003-11-20,236.18570778335734
2003-11-21,237.2553482021103
2003-11-24,240.30496131089524
2003-11-25,241.2152935821743
2003-11-26,242.08010923988942
2003-11-28,242.37596722805512
2003-12-01,244.85662266729062
2003-12-02,244.3786982248691
2003-12-03,243.92353208922958
2003-12-04,244.87938097407263
2003-12-05,243.10423304507842
2003-12-08,244.81110605372666
2003-12-09,242.9221665908226
2003-12-10,242.89940828404065
2003-12-11,245.6986800182238
2003-12-12,246.1083295402994
2003-12-15,244.87938097407263
2003-12-16,246.1538461538633
2003-12-17,246.92762858445056
2003-12-18,249.70414201185176
2003-12-19,247.9062357760756
2003-12-22,249.5675921711599
2003-12-23,249.72690031863377
2003-12-24,249.47655894403204
2003-12-26,249.6586253982878
2003-12-29,252.98133818845642
2003-12-30,253.02685480202038
2003-12-31,253.25443786984013
2004-01-02,253.14064633593026
2004-01-05,255.89440145654945
2004-01-06,256.1447428311512
2004-01-07,257.00955848886633
2004-01-08,258.03368229405527
2004-01-09,255.78060992263954
2004-01-12,257.6467910787616
2004-01-13,256.1675011379332
2004-01-14,258.37505689578495
2004-01-15,258.9440145653343
2004-01-16,259.9681383705233
2004-01-20,259.8998634501774
2004-01-21,261.83431952664546
2004-01-22,261.35639508422395
2004-01-23,260.42330450616294
2004-01-26,263.7005006827676
2004-01-27,260.99226217571237
2004-01-28,257.91989076014545
2004-01-29,258.26126536187513
2004-01-30,258.26126536187513
2004-02-02,259.21711424671815
2004-02-03,258.94401456533444
2004-02-04,256.80473372782865
2004-02-05,257.57851615841594
2004-02-06,260.468821119727
2004-02-09,260.65088757398286
2004-02-10,261.3791533910061
2004-02-11,264.15566681840727
2004-02-12,263.19981793356425
2004-02-13,262.0163859809014
2004-02-17,264.3832498862271
2004-02-18,263.2453345471282
2004-02-19,262.2439690487213
2004-02-20,261.47018661813405
2004-02-23,260.78743741467474
2004-02-24,260.33227127903524
2004-02-25,261.51570323169807
2004-02-26,261.583978152044
2004-02-27,261.92535275377367
2004-03-01,264.2694583523173
2004-03-02,262.8129267182708
2004-03-03,263.1770596267824
2004-03-04,263.97360036415154
2004-03-05,264.8611743286487
2004-03-08,261.62949476560794
2004-03-09,260.582612653637
2004-03-10,256.21301775149743
2004-03-11,252.89030496132884
2004-03-12,256.21301775149743
2004-03-15,253.07237141558466
2004-03-16,254.4151115157213
2004-03-17,257.2598998634684
2004-03-18,257.3281747838143
2004-03-19,252.82203004098292
2004-03-22,249.54483386437823
2004-03-23,249.11242603552068
2004-03-24,249.27173418299455
2004-03-25,252.73099681385506
2004-03-26,252.6854802002911
2004-03-29,256.23577605827955
2004-03-30,257.10059171599465
2004-03-31,257.5329995448522
2004-04-01,258.94401456533484
2004-04-02,260.90122894858484
2004-04-05,262.3122439690674
2004-04-06,261.4474283113523
2004-04-07,260.8784706418029
2004-04-08,260.28675466547156
2004-04-12,261.31087847066044
2004-04-13,257.64679107876213
2004-04-14,258.12471552118365
2004-04-15,257.05507510243075
2004-04-16,259.14883932637264
2004-04-19,259.0578060992447
2004-04-20,254.71096950388713
2004-04-21,256.41784251253534
2004-04-22,259.85434683661396
2004-04-23,260.26399635868955
2004-04-26,260.0136549840878
2004-04-27,259.9681383705239
2004-04-28,256.7592171142651
2004-04-29,254.50614474284933
2004-04-30,252.52617205281734
2004-05-03,255.23441055987263
2004-05-04,255.09786071918077
2004-05-05,256.6681838871372
2004-05-06,254.46062812928542
2004-05-07,250.25034137461967
2004-05-10,247.67865270825632
2004-05-11,249.7724169321982
2004-05-12,251.43377332728255
2004-05-13,250.31861629496564
2004-05-14,250.43240782887554
2004-05-17,248.2931269913697
2004-05-18,249.54483386437843
2004-05-19,248.6800182066633
2004-05-20,249.49931725081447
2004-05-21,249.97724169323598
2004-05-24,250.95584888486098
2004-05-25,254.55166135641335
2004-05-26,255.43923532091046
2004-05-27,256.873008648175
2004-05-28,256.850250341393
2004-06-01,256.5088757396634
2004-06-02,257.46472462450646
2004-06-03,255.05234410561687
2004-06-04,257.1233500227768
2004-06-07,261.03777878927684
2004-06-08,261.4019116977885
2004-06-09,258.966772872117
2004-06-10,260.1046882112159
2004-06-14,257.6695493855443
2004-06-15,259.49021392810243
2004-06-16,259.4446973145385
2004-06-17,259.0578060992449
2004-06-18,258.6026399636053
2004-06-21,257.62403277198035
2004-06-22,258.8757396449891
2004-06-23,261.1515703231868
2004-06-24,260.37778789259954
2004-06-25,258.92125625855306
2004-06-28,258.2840236686577
2004-06-29,259.2626308602827
2004-06-30,260.6508875739833
2004-07-01,257.03231679564897
2004-07-02,256.8957669549571
2004-07-06,254.55166135641346
2004-07-07,255.39371870734664
2004-07-08,253.57305416478852
2004-07-09,254.27856167502983
2004-07-12,254.39235320893974
2004-07-13,254.57441966319553
2004-07-14,253.80063723260827
2004-07-15,252.07100591717807
2004-07-16,251.91169776970423
2004-07-19,250.8875739645153
2004-07-20,254.142011834338
2004-07-21,249.38552571690477
2004-07-22,249.9772416932362
2004-07-23,247.97451069642221
2004-07-26,247.4510696404368
2004-07-27,249.81793354576237
2004-07-28,250.56895766956762
2004-07-29,251.63859808832055
2004-07-30,252.20755575786998
2004-08-02,252.7765134274194
2004-08-03,250.9330905780793
2004-08-04,250.79654073738743
2004-08-05,246.7228038234135
2004-08-06,243.1725079654251
2004-08-09,243.51388256715478
2004-08-10,246.29039599455598
2004-08-11,246.1538461538641
2004-08-12,243.42284934002686
2004-08-13,243.94629039601233
2004-08-16,246.4724624488118
2004-08-17,247.8607191625124
2004-08-18,250.40964952209384
2004-08-19,249.6813837050706
2004-08-20,251.34274010015488
2004-08-23,250.86481565773337
2004-08-24,251.13791533911711
2004-08-25,252.7082385070736
2004-08-26,252.84478834776542
2004-08-27,253.64132908513466
2004-08-30,251.54756486119277
2004-08-31,252.91306326811136
2004-09-01,253.34547109696894
2004-09-02,256.213017751498
2004-09-03,255.1661356395271
2004-09-07,256.8502503413934
2004-09-08,256.2130177514981
2004-09-09,255.9854346836784
2004-09-10,257.3054164770331
2004-09-13,258.2385070550941
2004-09-14,258.6481565771697
2004-09-15,256.71370050070163
2004-09-16,257.48748293128887
2004-09-17,257.5102412380709
2004-09-20,255.96267637689638
2004-09-21,257.1461083295591
2004-09-22,253.77787892582657
2004-09-23,252.50341374603587
2004-09-24,253.6640873919167
2004-09-27,252.04824761039637
2004-09-28,253.25443786984118
2004-09-29,254.5289030496319
2004-09-30,254.3468365953761
2004-10-01,258.64815657716974
2004-10-04,259.0122894856814
2004-10-05,259.23987255350113
2004-10-06,260.85571233502156
2004-10-07,258.2612653618762
2004-10-08,256.05370960402445
2004-10-11,257.1005917159954
2004-10-12,256.0992262175884
2004-10-13,253.8461538461727
2004-10-14,251.79790623579476
2004-10-15,253.20892125627736
2004-10-18,254.21028675468435
2004-10-19,252.0254893036146
2004-10-20,251.52480655441113
2004-10-21,253.16340464271346
2004-10-22,250.3186162949663
2004-10-25,250.13654984071047
2004-10-26,253.84615384617274
2004-10-27,256.8957669549577
2004-10-28,257.71506599910884
2004-10-29,257.624032771981
2004-11-01,258.32954028222224
2004-11-02,258.4205735093501
2004-11-03,261.7205279927368
2004-11-04,265.27082385072515
2004-11-05,266.90942193902754
2004-11-08,266.522530723734
2004-11-09,265.9990896677486
2004-11-10,266.2039144287864
2004-11-11,268.2294037323823
2004-11-12,270.3459262631062
2004-11-15,270.2093764224144
2004-11-16,268.1838871188184
2004-11-17,269.8680018206847
2004-11-18,270.23213472919633
2004-11-19,267.2280382339754
2004-11-22,268.5025034137661
2004-11-23,269.00318616296954
2004-11-24,269.6176604460829
2004-11-26,269.2307692307893
2004-11-29,268.16112881203634
2004-11-30,268.2976786527282
2004-12-01,271.3472917615132
2004-12-02,271.5748748293329
2004-12-03,271.3928083750771
2004-12-06,271.3017751479492
2004-12-07,268.77560309514973
2004-12-08,270.20937642241427
2004-12-09,271.3245334547311
2004-12-10,271.62039144289685
2004-12-13,273.94173873465854
2004-12-14,274.89758761950156
2004-12-15,275.1024123805393
2004-12-16,274.94310423306547
2004-12-17,271.8252162039346
2004-12-20,271.8934911242805
2004-12-21,273.98725534822245
2004-12-22,274.64724624489986
2004-12-23,274.8520710059376
2004-12-27,274.28311333638817
2004-12-28,275.78516158399873
2004-12-29,276.1948111060743
2004-12-30,275.67137005008885
2004-12-31,275.07965407375747
2005-01-03,273.78243058718476
2005-01-04,270.2093764224144
2005-01-05,268.5707783341121
2005-01-06,269.9362767410307
2005-01-07,269.54938552573714
2005-01-10,270.8238507055279
2005-01-11,268.95766954940575
2005-01-12,269.8452435139029
2005-01-13,267.6832043696151
2005-01-14,269.0942193900977
2005-01-18,271.8934911242809
2005-01-19,269.0487027765338
2005-01-20,267.41010468823146
2005-01-21,265.7715065999291
2005-01-24,265.2480655439436
2005-01-25,265.9990896677488
2005-01-26,266.79563040511806
2005-01-27,267.2507965407576
2005-01-28,267.2507965407576
2005-01-31,268.91215293584196
2005-02-01,270.6190259444902
2005-02-02,271.43832498864145
2005-02-03,270.73281747840014
2005-02-04,273.62312243971127
2005-02-07,273.25898953119963
2005-02-08,273.57760582614725
2005-02-09,271.5293582157694
2005-02-10,272.5079654073944
2005-02-11,274.852071005938
2005-02-14,274.64724624490026
2005-02-15,275.6713700500892
2005-02-16,275.8079198907811
2005-02-17,273.6231224397113
2005-02-18,274.01001365500497
2005-02-22,269.91351843424906
2005-02-23,271.84797451071717
2005-02-24,273.64588074649333
2005-02-25,276.3541192535486
2005-02-28,274.53345471099044
2005-03-01,275.8989531179091
2005-03-02,275.76240327721723
2005-03-03,275.8761948111271
2005-03-04,279.31269913520566
2005-03-07,279.4492489758975
2005-03-08,278.40236686392655
2005-03-09,275.3072371415777
2005-03-10,275.921711424691
2005-03-11,273.987255348223
2005-03-14,275.6941283568713
2005-03-15,273.41829767867364
2005-03-16,271.096950386912
2005-03-17,271.6431497496795
2005-03-18,269.7769685935574
2005-03-21,268.77560309515036
2005-03-22,266.0446062813131
2005-03-23,266.2721893491329
2005-03-24,266.59080564408055
2005-03-28,266.9776968593742
2005-03-29,265.2025489303799
2005-03-30,269.0031861629701
2005-03-31,268.4569868002026
2005-04-01,267.137005006848
2005-04-04,267.70596267639746
2005-04-05,268.93491124262425
2005-04-06,269.9135184342492
2005-04-07,271.37005006829577
2005-04-08,268.5480200273306
2005-04-11,268.7528447883684
2005-04-12,270.163859808851
2005-04-13,266.9549385525922
2005-04-14,263.47291761494967
2005-04-15,259.7860719162694
2005-04-18,260.58261265363865
2005-04-19,262.6536185707985
2005-04-20,258.9895311789002
2005-04-21,264.01911697771715
2005-04-22,263.0177514793101
2005-04-25,264.7473827947404
2005-04-26,262.175694128377
2005-04-27,263.199817933566
2005-04-28,259.89986345017934
2005-04-29,263.42740100138576
2005-05-02,264.9066909422143
2005-05-03,265.36185707785387
2005-05-04,267.41010468823185
2005-05-05,267.31907146110393
2005-05-06,266.4770141101708
2005-05-09,268.13837050525507
2005-05-10,265.36185707785387
2005-05-11,266.8183887119004
2005-05-12,263.8825671370254
2005-05-13,263.35912608103996
2005-05-16,265.79426490671153
2005-05-17,267.5921711424877
2005-05-18,270.4142011834529
2005-05-19,271.46108329542386
2005-05-20,271.0969503869123
2005-05-23,272.5534820209588
2005-05-24,271.9617660446274
2005-05-25,271.77969959037165
2005-05-26,273.0996813837263
2005-05-27,273.6686390532758
2005-05-31,271.91624943106353
2005-06-01,274.30587164317114
2005-06-02,274.8293126991566
2005-06-03,273.441055985456
2005-06-06,273.21347291763624
2005-06-07,273.395539371892
2005-06-08,272.9403732362526
2005-06-09,274.1920801092613
2005-06-10,273.53208921258397
2005-06-13,274.487938097427
2005-06-14,275.05689576697637
2005-06-15,275.5803368229619
2005-06-16,276.3086026399851
2005-06-17,276.1948111060753
2005-06-20,276.2858443332032
2005-06-21,276.6044606281509
2005-06-22,276.71825216206076
2005-06-23,272.7810650887787
2005-06-24,270.7783340919648
2005-06-27,271.1652253072584
2005-06-28,273.44105598545616
2005-06-29,272.6445152480869
2005-06-30,271.2335002276044
2005-07-01,272.0300409649736
2005-07-05,274.12380518891547
2005-07-06,271.9162494310637
2005-07-07,272.9858898498166
2005-07-08,276.1037778789475
2005-07-11,277.51479289943006
2005-07-12,278.24305871645333
2005-07-13,278.6299499317469
2005-07-14,279.72234865728177
2005-07-15,279.56304050980793
2005-07-18,278.4478834774911
2005-07-19,279.9726900318836
2005-07-20,280.9285389167266
2005-07-21,279.28994082842433
2005-07-22,281.1561219845465
2005-07-25,280.35958124717723
2005-07-26,280.7009558489069
2005-07-27,281.7478379608778
2005-07-28,283.50022758309007
2005-07-29,281.6112881201859
2005-08-01,281.3154301320203
2005-08-02,283.11333636779653
2005-08-03,283.8416021848198
2005-08-04,281.5657715066221
2005-08-05,279.654073736936
2005-08-08,279.13063268095055
2005-08-09,280.76923076925294
2005-08-10,280.70095584890703
2005-08-11,281.83887118800595
2005-08-12,280.0637232590117
2005-08-15,281.79335457444193
2005-08-16,278.03823395541576
2005-08-17,278.10650887576173
2005-08-18,278.06099226219783
2005-08-19,278.72098315887513
2005-08-22,278.72098315887513
2005-08-23,278.17478379610776
2005-08-24,275.71688666365424
2005-08-25,276.62721893493335
2005-08-26,274.8293126991572
2005-08-29,276.945835229881
2005-08-30,275.48930359583454
2005-08-31,278.971324533477
2005-09-01,278.76649977243926
2005-09-02,278.26581702323574
2005-09-06,281.52025489305856
2005-09-07,281.9981793354801
2005-09-08,281.065088757419
2005-09-09,283.5685025034365
2005-09-12,282.97678652710516
2005-09-13,281.4292216659307
2005-09-14,280.4050978607417
2005-09-15,280.2685480200499
2005-09-16,281.06508875741906
2005-09-19,280.13199817935805
2005-09-20,277.7651342740324
2005-09-21,275.170687300887
2005-09-22,276.149294492512
2005-09-23,276.37687756033176
2005-09-26,276.69549385527944
2005-09-27,276.6272189349335
2005-09-28,276.90031861631724
2005-09-29,279.1533909877329
2005-09-30,280.0182066454481
2005-10-03,279.0168411470411
2005-10-04,275.87619481112824
2005-10-05,272.25762403279384
2005-10-06,271.2790168411689
2005-10-07,272.166590805666
2005-10-10,269.84524351390434
2005-10-11,269.52662721895666
2005-10-12,267.4101046882328
2005-10-13,267.25079654075904
2005-10-14,270.0728265817242
2005-10-17,271.11970869369515
2005-10-18,268.1383705052561
2005-10-19,272.5989986345237
2005-10-20,267.79699590352647
2005-10-21,268.8438780154974
2005-10-24,273.00864815659924
2005-10-25,272.4624487938318
2005-10-26,271.7569412835905
2005-10-27,268.7756030951515
2005-10-28,272.64451524808766
2005-10-31,273.3955393718928
2005-11-01,274.214838416044
2005-11-02,277.0823850705732
2005-11-03,278.26581702323597
2005-11-04,277.9016841147244
2005-11-07,278.1747837961081
2005-11-08,278.1747837961081
2005-11-09,278.53891670461974
2005-11-10,280.70095584890754
2005-11-11,281.6568047337506
2005-11-14,281.4974965862767
2005-11-15,280.4733727810878
2005-11-16,281.0423304506372
2005-11-17,283.6595357305646
2005-11-18,284.77469276288144
2005-11-21,286.20846609014603
2005-11-22,287.43741465637277
2005-11-23,289.0987710514571
2005-11-25,289.3263541192769
2005-11-28,287.27810650889893
2005-11-29,286.9594902139513
2005-11-30,285.4119253527769
2005-12-01,288.32498862086993
2005-12-02,288.6891215293816
2005-12-05,288.1884387801781
2005-12-06,288.6208466090357
2005-12-07,286.9367319071694
2005-12-08,286.7546654529136
2005-12-09,287.50568957671885
2005-12-12,287.7787892581026
2005-12-13,289.7360036413527
2005-12-14,290.87391898045155
2005-12-15,290.03186162951835
2005-12-16,287.5739644970648
2005-12-19,286.0946745562363
2005-12-20,286.3677742376201
2005-12-21,286.82294037325966
2005-12-22,288.32498862087016
2005-12-23,288.48429676834405
2005-12-27,285.54847519346896
2005-12-28,286.18570778336436
2005-12-29,284.9112426035736
2005-12-30,283.36367774239915
2006-01-03,288.3477469276522
2006-01-04,289.71324533457084
2006-01-05,289.8953117888267
2006-01-06,292.3076923077163
2006-01-09,293.0587164315216
2006-01-10,293.35457441968725
2006-01-11,294.2876649977483
2006-01-12,293.1269913518675
2006-01-13,292.8538916704838
2006-01-17,292.0573509331146
2006-01-18,290.8966772872338
2006-01-19,292.01183431955064
2006-01-20,286.686390532568
2006-01-23,287.710514337757
2006-01-24,288.0063723259227
2006-01-25,288.2567137005244
2006-01-26,289.84979517526284
2006-01-27,292.5352753755362
2006-01-30,292.3076923077164
2006-01-31,290.1684114702106
2006-02-01,292.1939007738066
2006-02-02,288.802913063292
2006-02-03,287.3691397360274
2006-02-06,288.1201638598327
2006-02-07,285.5712335002513
2006-02-08,288.1656804733967
2006-02-09,287.6877560309752
2006-02-10,288.2111970869607
2006-02-13,287.6877560309752
2006-02-14,290.7373691397602
2006-02-15,291.76149294494905
2006-02-16,293.9462903960189
2006-02-17,293.1497496586497
2006-02-21,292.42148384162647
2006-02-22,294.1966317706207
2006-02-23,293.76422394176313
2006-02-24,294.51524806556836
2006-02-27,294.62903959947823
2006-02-28,291.82976786529497
2006-03-01,294.4242148384404
2006-03-02,294.4014565316584
2006-03-03,293.03595812473975
2006-03-06,291.6932180246031
2006-03-07,291.23805188896364
2006-03-08,291.85252617207703
2006-03-09,289.895311788827
2006-03-10,292.6490669094463
2006-03-13,293.19526627221376
2006-03-14,296.2676376877806
2006-03-15,297.58761948113533
2006-03-16,298.20209376424873
2006-03-17,297.26900318618766
2006-03-20,296.7910787437661
2006-03-21,294.924897587644
2006-03-22,296.7228038234202
2006-03-23,296.10832954030684
2006-03-24,296.33591260812665
2006-03-27,295.9035047792691
2006-03-28,294.08284023671087
2006-03-29,295.92626308605105
2006-03-30,295.40282203006564
2006-03-31,295.4710969504116
2006-04-03,295.2435138825918
2006-04-04,297.13245334549595
2006-04-05,298.15657715068494
2006-04-06,297.8379608557373
2006-04-07,294.8111060537343
2006-04-10,295.26627218937386
2006-04-11,292.7628584433563
2006-04-12,293.3090578061238
2006-04-13,292.9221665908302
2006-04-17,292.8083750569203
2006-04-18,297.4510696404436
2006-04-19,298.02002730999305
2006-04-20,298.42967683206865
2006-04-21,298.47519344563267
2006-04-24,297.9289940828652
2006-04-25,296.7000455166384
2006-04-26,296.7683204369843
2006-04-27,298.2020937642489
2006-04-28,299.2034592626558
2006-05-01,296.7683204369843
2006-05-02,298.9986345016181
2006-05-03,297.88347746930117
2006-05-04,298.9531178880542
2006-05-05,301.59308147476355
2006-05-08,301.228948566252
2006-05-09,301.8206645425833
2006-05-10,301.6613563951095
2006-05-11,298.0200273099931
2006-05-12,294.12835685027505
2006-05-15,294.72007282660644
2006-05-16,294.2876649977489
2006-05-17,288.6891215293824
2006-05-18,287.2325898953359
2006-05-19,289.25807919893185
2006-05-22,287.0505234410801
2006-05-23,284.8657259900103
2006-05-24,287.141556668208
2006-05-25,290.6918525261965
2006-05-26,292.17114246702494
2006-05-30,286.9822485207341
2006-05-31,290.191169776993
2006-06-01,292.9676832043941
2006-06-02,293.5821574875075
2006-06-05,289.3035958124958
2006-06-06,288.59808830225455
2006-06-07,286.4360491579667
2006-06-08,286.185707783365
2006-06-09,285.27537551208593
2006-06-12,282.180245789737
2006-06-13,278.9030496131323
2006-06-14,281.06508875742014
2006-06-15,287.02776513429825
2006-06-16,283.68229403734756
2006-06-19,281.4519799727138
2006-06-20,282.40782885755686
2006-06-21,284.5015930814988
2006-06-22,283.24988620849007
2006-06-23,283.272644515272
2006-06-26,284.45607646793485
2006-06-27,281.99817933548127
2006-06-28,283.90987710516737
2006-06-29,289.64497041422567
2006-06-30,289.5539371870978
2006-07-03,290.85116067367045
2006-07-05,289.18980427858617
2006-07-06,290.0318616295193
2006-07-07,288.14292216661516
2006-07-10,288.68912152938265
2006-07-11,289.9635867091734
2006-07-12,286.8684569868245
2006-07-13,282.2030040965192
2006-07-14,281.1106053709843
2006-07-17,280.7009558489088
2006-07-18,282.1347291761733
2006-07-19,286.04915794267345
2006-07-20,284.0919435594234
2006-07-21,282.08921256260936
2006-07-24,287.2325898953362
2006-07-25,288.2567137005252
2006-07-26,288.6436049158188
2006-07-27,288.3705052344351
2006-07-28,291.2608101957462
2006-07-31,290.9649522075805
2006-08-01,289.53117888031596
2006-08-02,291.488393263566
2006-08-03,292.2621756941532
2006-08-04,291.7614929449497
2006-08-07,291.19253527540036
2006-08-08,289.96358670917357
2006-08-09,288.98497951754854
2006-08-10,289.8725534820456
2006-08-11,289.0532544378945
2006-08-14,289.2808375057142
2006-08-15,292.74010013657477
2006-08-16,295.3800637232842
2006-08-17,295.9262630860517
2006-08-18,297.4283113336622
2006-08-21,296.1538461538714
2006-08-22,296.1310878470895
2006-08-23,295.3117888029383
2006-08-24,295.0614474283366
2006-08-25,295.42558033684816
2006-08-28,296.8365953573308
2006-08-29,297.1779699590605
2006-08-30,297.3600364133162
2006-08-31,297.31451979975225
2006-09-01,299.08966772874646
2006-09-05,299.6586253982959
2006-09-06,297.0186618115865
2006-09-07,295.65316340466785
2006-09-08,296.4952207556011
2006-09-11,296.79107874376683
2006-09-12,299.7041420118599
2006-09-13,300.91033227130475
2006-09-14,300.9330905780867
2006-09-15,300.31861629497337
2006-09-18,300.72826581704885
2006-09-19,299.9772416932437
2006-09-20,301.57032316798205
2006-09-21,300.1137915339355
2006-09-22,299.2034592626564
2006-09-25,301.5020482476361
2006-09-26,304.0054619936536
2006-09-27,304.36959490216526
2006-09-28,304.25580336825533
2006-09-29,304.0054619936536
2006-10-02,302.86754665455476
2006-10-03,303.5047792444501
2006-10-04,307.05507510243854
2006-10-05,307.64679107877
2006-10-06,307.2598998634764
2006-10-09,307.44196631773224
2006-10-10,307.8516158398079
2006-10-11,307.4874829312962
2006-10-12,310.1502048247875
2006-10-13,310.94674556215676
2006-10-16,311.4246700045783
2006-10-17,310.44606281295324
2006-10-18,310.85571233502884
2006-10-19,311.3563950842323
2006-10-20,311.4246700045783
2006-10-23,312.8584433318428
2006-10-24,313.7915339099039
2006-10-25,314.8611743286568
2006-10-26,315.8397815202818
2006-10-27,313.85980883024985
2006-10-30,313.63222576243004
2006-10-31,313.58670914886613
2006-11-01,311.4701866181423
2006-11-02,311.2881201638865
2006-11-03,310.741920801119
2006-11-06,314.24670004554355
2006-11-07,315.4528903049884
2006-11-08,316.1356395084477
2006-11-09,314.47428311336336
2006-11-10,314.6108329540552
2006-11-13,315.3846153846424
2006-11-14,317.7514792899681
2006-11-15,318.66181156124713
2006-11-16,319.48111060539827
2006-11-17,319.5721438325262
2006-11-20,319.754210286782
2006-11-21,320.07282658172966
2006-11-22,320.710059171625
2006-11-24,319.41283568505236
2006-11-27,315.0204824761307
2006-11-28,316.3859808830494
2006-11-29,319.6859353664361
2006-11-30,319.822485207128
2006-12-01,319.1169776968867
2006-12-04,321.55211652255826
2006-12-05,322.94037323625895
2006-12-06,322.6672735548752
2006-12-07,321.2562585343926
2006-12-08,321.847974510724
2006-12-11,322.7810650887851
2006-12-12,322.5307237141833
2006-12-13,322.872098315913
2006-12-14,325.71688666366015
2006-12-15,323.941738734666
2006-12-18,323.0541647701688
2006-12-19,323.6686390532823
2006-12-20,323.4865725990264
2006-12-21,322.3031406463636
2006-12-22,320.3231679563316
2006-12-26,322.21210741923574
2006-12-27,324.32862994995963
2006-12-28,323.6458807465004
2006-12-29,322.3031406463637
2007-01-03,321.73418297681434
2007-01-04,322.4169321802736
2007-01-05,319.8452435139102
2007-01-08,321.32453345473874
2007-01-09,321.05143377335503
2007-01-10,322.1210741921079
2007-01-11,323.53208921259056
2007-01-12,325.98998634504414
2007-01-16,325.35275375514874
2007-01-17,325.4893035958406
2007-01-18,324.3969048703057
2007-01-19,325.03413746020107
2007-01-22,324.032771961794
2007-01-23,324.9886208466371
2007-01-24,327.60582612656447
2007-01-25,323.7596722804103
2007-01-26,323.53208921259056
2007-01-29,323.28174783798886
2007-01-30,324.96586253985515
2007-01-31,327.150659990925
2007-02-01,329.1078743741751
2007-02-02,329.56304050981464
2007-02-05,329.6540737369425
2007-02-06,329.7451069640704
2007-02-07,330.47337278109376
2007-02-08,330.0409649522362
2007-02-09,327.58306781978257
2007-02-12,326.4679107874657
2007-02-13,329.22166590808496
2007-02-14,331.3837050523729
2007-02-15,331.8161128812305
2007-02-16,331.6568047337566
2007-02-20,332.3623122439979
2007-02-21,332.225762403306
2007-02-22,331.9754210287043
2007-02-23,330.67819754213167
2007-02-26,330.3823395539659
2007-02-27,317.4783796085847
2007-02-28,320.7328174784075
2007-03-01,319.7769685935645
2007-03-02,315.58944014568067
2007-03-05,312.5853436504597
2007-03-06,317.9335457442244
2007-03-07,317.6149294492767
2007-03-08,320.30040964955003
2007-03-09,320.3914428766779
2007-03-12,320.86936731909947
2007-03-13,314.63359126083765
2007-03-14,316.97769685938135
2007-03-15,317.4101046882389
2007-03-16,315.27082385073305
2007-03-19,319.07146108332324
2007-03-20,320.8238507055355
2007-03-21,326.10377787895425
2007-03-22,325.85343650435254
2007-03-23,326.33136094677405
2007-03-26,325.8989531179165
2007-03-27,325.12517068732933
2007-03-28,322.7583067820036
2007-03-29,323.09968138373324
2007-03-30,323.1679563040792
2007-04-02,323.5320892125908
2007-04-03,327.01411015023336
2007-04-04,327.378243058745
2007-04-05,328.2658170232421
2007-04-09,328.72098315888167
2007-04-10,329.10787437417537
2007-04-11,327.7651342740387
2007-04-12,329.22166590808524
2007-04-13,330.7237141556958
2007-04-16,333.86436049160864
2007-04-17,334.75193445610574
2007-04-18,335.1615839781814
2007-04-19,335.0705507510535
2007-04-20,338.2339553937483
2007-04-23,336.9594902139575
2007-04-24,337.09604005464934
2007-04-25,340.1911697769982
2007-04-26,340.5780609922919
2007-04-27,340.30496131090814
2007-04-30,337.4829312699429
2007-05-01,338.3477469276581
2007-05-02,340.32771961769015
2007-05-03,342.17114246703034
2007-05-04,343.46836595360304
2007-05-07,343.536640873949
2007-05-08,343.0814747383095
2007-05-09,344.0145653163706
2007-05-10,340.41875284481824
2007-05-11,343.3318161129114
2007-05-14,342.58079198910616
2007-05-15,342.671825216234
2007-05-16,345.0159308147777
2007-05-17,344.3331816113184
2007-05-18,347.33727810653943
2007-05-21,347.1552116522835
2007-05-22,346.8821119708998
2007-05-23,346.92762858446383
2007-05-24,343.786982248551
2007-05-25,345.22075557581553
2007-05-29,346.47246244882433
2007-05-30,349.2944924897895
2007-05-31,348.93035958127786
2007-06-01,350.65999089670817
2007-06-04,350.705507510272
2007-06-05,349.3172507965715
2007-06-06,345.5621301775452
2007-06-07,339.3263541192834
2007-06-08,343.741465634987
2007-06-11,344.3331816113184
2007-06-12,340.57806099229214
2007-06-13,345.67592171145503
2007-06-14,347.88347746930685
2007-06-15,348.3614019117284
2007-06-18,347.9517523896528
2007-06-19,348.816568047368
2007-06-20,343.9690487028068
2007-06-21,345.88074647249283
2007-06-22,342.62630860267006
2007-06-25,340.98771051436773
2007-06-26,337.4829312699432
2007-06-27,342.2849340009405
2007-06-28,342.2394173873765
2007-06-29,342.3532089212864
2007-07-02,345.4483386436352
2007-07-03,346.70004551664397
2007-07-05,346.3359126081324
2007-07-06,348.1565771506905
2007-07-09,348.20209376425447
2007-07-10,343.46836595360315
2007-07-11,345.9035047792748
2007-07-12,351.3654984069493
2007-07-13,352.4123805189203
2007-07-16,352.36686390535647
2007-07-17,352.1847974511006
2007-07-18,351.54756486120533
2007-07-19,352.91306326812395
2007-07-20,349.34000910335345
2007-07-23,350.4096495221064
2007-07-24,344.33318161131854
2007-07-25,345.03868912155986
2007-07-26,336.86845698683
2007-07-27,330.24578971327463
2007-07-30,335.41192535278344
2007-07-31,331.6340464269752
2007-08-01,333.2498862084957
2007-08-02,335.912608101987
2007-08-03,327.2644515248357
2007-08-06,332.7492034592923
2007-08-07,336.2994993172808
2007-08-08,340.98771051436813
2007-08-09,330.8830223031701
2007-08-10,329.3354574419957
2007-08-13,330.51888939465846
2007-08-14,325.46654528905947
2007-08-15,320.98315885300985
2007-08-16,323.3955393718995
2007-08-17,329.3354574419956
2007-08-20,329.17614929452174
2007-08-21,329.83614019119915
2007-08-22,333.7505689576993
2007-08-23,333.4547109695336
2007-08-24,337.5739644970715
2007-08-27,334.4333181611586
2007-08-28,327.08238507057985
2007-08-29,333.5002275830975
2007-08-30,332.61265361860046
2007-08-31,335.8898497952052
2007-09-04,339.28083750571983
2007-09-05,336.34501593084474
2007-09-06,337.11879836143197
2007-09-07,332.4305871643446
2007-09-10,331.7933545744492
2007-09-11,335.6622667273855
2007-09-12,336.5270823851006
2007-09-13,338.89394629042624
2007-09-14,338.8711879836443
2007-09-17,337.0505234410861
2007-09-18,346.9731451980283
2007-09-19,349.0213928084063
2007-09-20,346.56349567595277
2007-09-21,345.85798816571145
2007-09-24,345.22075557581616
2007-09-25,344.5380063723568
2007-09-26,346.358670914915
2007-09-27,348.40691852529295
2007-09-28,347.2462448794122
2007-10-01,351.1606736459123
2007-10-02,350.6827492034908
2007-10-03,349.9772416932495
2007-10-04,350.5234410560169
2007-10-05,354.6882111971188
2007-10-08,352.7992717342147
2007-10-09,356.1219845243834
2007-10-10,355.530268548052
2007-10-11,353.8233955394037
2007-10-12,355.7806099226538
2007-10-15,352.77651342743275
2007-10-16,349.97724169324954
2007-10-17,351.0468821120025
2007-10-18,349.77241693221174
2007-10-19,340.6235776058568
2007-10-22,342.6035502958888
2007-10-23,345.3800637232901
2007-10-24,344.74283113339476
2007-10-25,345.562130177546
2007-10-26,349.61310878473796
2007-10-29,350.77378243061884
2007-10-30,348.3386436049473
2007-10-31,351.9572143832817
2007-11-01,343.7187073282059
2007-11-02,344.10559854349947
2007-11-05,341.4883932635721
2007-11-06,346.08557123353154
2007-11-07,336.61811561222896
2007-11-08,334.91124260358066
2007-11-09,330.31406463362123
2007-11-12,327.0368684570165
2007-11-13,337.00500682752266
2007-11-14,336.07191624946154
2007-11-15,331.22439690490035
2007-11-16,331.7933545744498
2007-11-19,327.17341829770834
2007-11-20,329.17614929452236
2007-11-21,322.4396904870571
2007-11-23,328.01547564864154
2007-11-26,320.7783340919727
2007-11-27,324.46517979065305
2007-11-28,334.8429676832348
2007-11-29,334.9567592171446
2007-11-30,338.32498862087726
2007-12-03,336.0946745562435
2007-12-04,333.0905780610225
2007-12-05,338.66636322260695
2007-12-06,343.5138825671682
2007-12-07,343.44560764682234
2007-12-10,346.1083295403137
2007-12-11,336.61811561222913
2007-12-12,339.9408284023978
2007-12-13,339.23532089215655
2007-12-14,334.9340009103628
2007-12-17,330.1547564861475
2007-12-18,331.9981793354877
2007-12-19,331.9981793354877
2007-12-20,334.09194355942964
2007-12-21,337.11879836143265
2007-12-24,339.6222121074502
2007-12-26,340.3504779244735
2007-12-27,336.0719162494617
2007-12-28,335.2298588985286
2007-12-31,332.7492034592931
2008-01-02,329.83614019119995
2008-01-03,329.6768320437261
2008-01-04,321.5976331361241
2008-01-07,321.3245334547404
2008-01-08,316.1356395084495
2008-01-09,319.45835229861825
2008-01-10,321.55211652256014
2008-01-11,318.95766954941473
2008-01-14,321.5293582157782
2008-01-15,314.45152480658317
2008-01-16,311.7432862995278
2008-01-17,303.6640873919259
2008-01-18,300.54619936279494
2008-01-22,297.49658625400997
2008-01-23,304.6426945835509
2008-01-24,307.21438324991436
2008-01-25,302.7765134274287
2008-01-28,307.78334091946385
2008-01-29,309.3081474738563
2008-01-30,307.03231679565863
2008-01-31,312.6308602640251
2008-02-01,317.6604460628422
2008-02-04,313.65498406921415
2008-02-05,305.2571688666645
2008-02-06,302.7992717342109
2008-02-07,304.8020027310249
2008-02-08,302.8447883477748
2008-02-11,304.39235320894926
2008-02-12,307.21438324991453
2008-02-13,310.3550295858275
2008-02-14,307.62403277199013
2008-02-15,307.55575785164416
2008-02-19,308.4205735093593
2008-02-20,309.3309057806384
2008-02-21,306.759217114275
2008-02-22,308.6481565771791
2008-02-25,312.5398270368973
2008-02-26,314.883932635441
2008-02-27,314.5653163404933
2008-02-28,311.4929449249264
2008-02-29,304.55166135642327
2008-03-03,303.82339553940005
2008-03-04,302.66272189351923
2008-03-05,304.57441966320533
2008-03-06,298.2703686845975
2008-03-07,295.1979972690305
2008-03-10,291.3063268093124
2008-03-11,301.77514792902207
2008-03-12,298.9531178880569
2008-03-13,299.70414201186213
2008-03-14,294.9704142012108
2008-03-17,291.98907601277176
2008-03-18,304.1192535275658
2008-03-19,296.4724624488214
2008-03-20,300.5917159763593
2008-03-24,306.73645880749325
2008-03-25,306.7819754210572
2008-03-26,303.0723714155948
2008-03-27,302.11652253075175
2008-03-28,299.4082840236964
2008-03-31,300.1593081475017
2008-04-01,310.90122894859513
2008-04-02,311.1060537096329
2008-04-03,311.81156121987425
2008-04-04,311.49294492492663
2008-04-07,311.6067364588365
2008-04-08,311.4019116977988
2008-04-09,308.98953117890915
2008-04-10,309.5584888484586
2008-04-11,303.5502958580165
2008-04-14,302.4578971324816
2008-04-15,303.52753755123456
2008-04-16,311.4474283113628
2008-04-17,311.72052799274644
2008-04-18,315.15703231682505
2008-04-21,315.40737369142676
2008-04-22,313.88256713703424
2008-04-23,313.42740100139474
2008-04-24,314.7928994083134
2008-04-25,317.52389622215077
2008-04-28,317.77423759675247
2008-04-29,316.5225307237437
2008-04-30,314.6563495676216
2008-05-01,321.1424670004852
2008-05-02,322.12107419211026
2008-05-05,320.4142011834619
2008-05-06,323.28174783799113
2008-05-07,317.63768775606064
2008-05-08,316.7045971779996
2008-05-09,316.1128812016682
2008-05-12,319.6631770596567
2008-05-13,319.7314519800026
2008-05-14,320.4824761038078
2008-05-15,324.41966317709
2008-05-16,324.76103777881957
2008-05-19,325.6258534365348
2008-05-20,322.89485662269743
2008-05-21,317.4556213018049
2008-05-22,317.5011379153689
2008-05-23,313.1770596267932
2008-05-27,315.7259899863746
2008-05-28,317.0232134729474
2008-05-29,318.61629494768584
2008-05-30,319.20801092401723
2008-06-02,316.0218479745404
2008-06-03,314.38324988623793
2008-06-04,314.24670004554616
2008-06-05,320.3914428766801
2008-06-06,310.1729631315722
2008-06-09,311.1288120164153
2008-06-10,309.5357305416768
2008-06-11,304.8702776513715
2008-06-12,306.0081929904704
2008-06-13,309.8543468366246
2008-06-16,310.0364132908803
2008-06-17,308.5343650432699
2008-06-18,305.53026854804887
2008-06-19,305.93991807012446
2008-06-20,299.4538006372609
2008-06-23,299.1579426490951
2008-06-24,298.5662266727637
2008-06-25,299.97724169324636
2008-06-26,291.8297678652983
2008-06-27,290.5780609922897
2008-06-30,291.3973600364408
2008-07-01,292.262175694156
2008-07-02,287.0732817478651
2008-07-03,287.39189804281284
2008-07-07,284.47883477471964
2008-07-08,289.4856622667548
2008-07-09,284.00091033229825
2008-07-10,285.27537551208894
2008-07-11,281.83887118801044
2008-07-14,279.3582157487749
2008-07-15,275.3527537551468
2008-07-16,282.11197086939416
2008-07-17,284.93400091035943
2008-07-18,286.8684569868275
2008-07-21,286.8684569868275
2008-07-22,289.9863450159585
2008-07-23,291.6932180246067
2008-07-24,285.63950842060075
2008-07-25,285.5712335002548
2008-07-28,281.38370505237094
2008-07-29,287.39189804281307
2008-07-30,292.512517068758
2008-07-31,288.64360491582175
2008-08-01,287.1187983614293
2008-08-04,284.52435138828383
2008-08-05,292.1256258534644
2008-08-06,293.42284934003715
2008-08-07,288.9849795175515
2008-08-08,294.538006372354
2008-08-11,297.45106964044714
2008-08-12,294.3559399180983
2008-08-13,292.60355029588595
2008-08-14,294.90213928086575
2008-08-15,296.33591260813034
2008-08-18,292.19390077381036
2008-08-19,289.0987710514615
2008-08-20,290.3504779244702
2008-08-21,290.8966772872377
2008-08-22,294.7428311333919
2008-08-25,288.9622212107696
2008-08-26,290.10013654986847
2008-08-27,292.48975876197613
2008-08-28,296.1766044606564
2008-08-29,292.8766499772697
2008-09-02,291.2835685025313
2008-09-03,291.03322712792954
2008-09-04,282.27127901686816
2008-09-05,283.15885298136527
2008-09-08,289.0077378243335
2008-09-09,280.427856167528
2008-09-10,281.56577150662685
2008-09-11,285.6395084206008
2008-09-12,286.95949021395546
2008-09-15,273.30450614476894
2008-09-16,277.8789258079464
2008-09-17,265.3846153846407
2008-09-18,273.2589895312049
2008-09-19,282.4761037779059
2008-09-22,276.0810195721702
2008-09-23,269.7997269003444
2008-09-24,270.6645425580595
2008-09-25,274.8975876195073
2008-09-26,275.03413746019913
2008-09-29,253.4820209376664
2008-09-30,263.9736003641581
2008-10-01,264.13290851163185
2008-10-02,254.5516613564193
2008-10-03,251.1151570323407
2008-10-06,238.32498862086928
2008-10-07,227.6513427401218
2008-10-08,221.9162494310635
2008-10-09,206.41784251253674
2008-10-10,201.41101502050165
2008-10-13,230.6554392353428
2008-10-14,227.24169321804618
2008-10-15,204.87027765136224
2008-10-16,213.4046426946038
2008-10-17,212.13017751481306
2008-10-20,224.87482931272046
2008-10-21,218.16112881203708
2008-10-22,206.2812926718448
2008-10-23,208.67091488395246
2008-10-24,198.08830223033289
2008-10-27,191.05598543470182
2008-10-28,213.38188438782186
2008-10-29,211.8343195266474
2008-10-30,219.1624943104442
2008-10-31,220.36868456988904
2008-11-03,221.00591715978442
2008-11-04,228.51615839783705
2008-11-05,218.91215293584256
2008-11-06,206.78197542104851
2008-11-07,213.60946745564178
2008-11-10,210.81019572145854
2008-11-11,204.30131998181298
2008-11-12,195.3117888029318
2008-11-13,207.48748293128986
2008-11-14,197.13245334549006
2008-11-17,194.51524806556262
2008-11-18,198.179335457461
2008-11-19,185.48020027311753
2008-11-20,171.71142467002107
2008-11-21,180.97405553028597
2008-11-24,193.51388256715566
2008-11-25,194.9476558944202
2008-11-26,202.48065543925483
2008-11-28,205.0295857988363
2008-12-01,186.8684569868182
2008-12-02,194.06008192992311
2008-12-03,198.72553482022852
2008-12-04,194.12835685026909
2008-12-05,200.11379153392917
2008-12-08,207.1005917159963
2008-12-09,203.68684569869964
2008-12-10,205.07510241240027
2008-12-11,200.13654984071115
2008-12-12,202.52617205281877
2008-12-15,204.944326256315
2008-12-16,214.59013899065775
2008-12-17,213.9828965424909
2008-12-18,208.5410699877648
2008-12-19,205.9719673224435
2008-12-22,203.33279822079527
2008-12-23,201.23080513098694
2008-12-24,202.39857906976937
2008-12-26,203.56635300855177
2008-12-29,202.98246603916056
2008-12-30,207.79369466694413
2008-12-31,210.7598404714515
2009-01-02,217.1125306984279
2009-01-05,216.8556204318958
2009-01-06,218.30366011598602
2009-01-07,211.7641260588045
2009-01-08,212.62827877350347
2009-01-09,208.07396041225203
2009-01-12,203.07588795426327
2009-01-13,203.44957561467365
2009-01-14,197.050174430146
2009-01-15,197.12024086647295
2009-01-16,198.66170246566574
2009-01-20,188.17509249539958
2009-01-21,196.30279910932526
2009-01-22,193.26658686849098
2009-01-23,194.10738410441434
2009-01-26,195.4386463946263
2009-01-27,197.4238620905564
2009-01-28,204.10352902039187
2009-01-29,197.47057304810772
2009-01-30,193.4534306986962
2009-02-02,192.869543729305
2009-02-03,195.57877926728023
2009-02-04,194.62120463747866
2009-02-05,197.51728400565904
2009-02-06,203.1459543905904
2009-02-09,203.42622013589812
2009-02-10,194.10738410441436
2009-02-11,195.25180256442113
2009-02-12,195.39193543707503
2009-02-13,193.2899423472667
2009-02-17,185.02210286068714
2009-02-18,184.57834876394986
2009-02-19,182.59313306801974
2009-02-20,180.81811668107045
2009-02-23,174.34864906021582
2009-02-24,180.95824955372436
2009-02-25,179.5335653484098
2009-02-26,176.61413050145376
2009-02-27,172.66705458836918
2009-03-02,164.88968015607819
2009-03-03,163.65183978096883
2009-03-04,167.52884925772648
2009-03-05,160.6856939764615
2009-03-06,160.96595972176928
2009-03-09,159.07416594094175
2009-03-10,168.55649032385503
2009-03-11,169.6541978263105
2009-03-12,176.333864756146
2009-03-13,177.71183800390924
2009-03-16,177.17466199206933
2009-03-17,182.5931330680198
2009-03-18,186.6803418537583
2009-03-19,184.36814945496909
2009-03-20,179.15987768799945
2009-03-23,192.0287464933818
2009-03-24,188.24515893172673
2009-03-25,190.2303746276569
2009-03-26,194.10738410441454
2009-03-27,190.6040622880673
2009-03-30,184.01781727333443
2009-03-31,185.72276722395677
2009-04-01,189.31951095540666
2009-04-02,194.8547594252354
2009-04-03,196.7932641636142
2009-04-06,195.25180256442135
2009-04-07,190.69748420316992
2009-04-08,192.75276633542694
2009-04-09,200.41336337383964
2009-04-13,200.4600743313909
2009-04-14,197.00346347259492
2009-04-15,199.10545656240328
2009-04-16,202.02489140935933
2009-04-17,203.37950917834698
2009-04-20,194.8547594252353
2009-04-21,198.66170246566602
2009-04-22,197.4472175693323
2009-04-23,199.38572230771112
2009-04-24,202.39857906976977
2009-04-27,200.48342981016663
2009-04-28,199.85283188322413
2009-04-29,204.10352902039213
2009-04-30,204.1735954567191
2009-05-01,205.27130295917456
2009-05-04,212.25459111309343
2009-05-05,211.53057127104833
2009-05-06,215.19738143882518
2009-05-07,212.20788015554217
2009-05-08,217.15924165597963
2009-05-11,213.09538834901676
2009-05-12,212.46479042207426
2009-05-13,207.11638578245078
2009-05-14,208.89140216940004
2009-05-15,207.18645221877773
2009-05-18,213.07203287024117
2009-05-19,212.81512260370909
2009-05-20,211.39043839839454
2009-05-21,208.35422615756022
2009-05-22,207.9104720608229
2009-05-26,213.23552122167078
2009-05-27,209.42857818124008
2009-05-28,212.34801302819614
2009-05-29,216.10824511107558
2009-06-01,221.33987235682082
2009-06-02,221.526716187026
2009-06-03,218.7240587339482
2009-06-04,220.77934086620527
2009-06-05,220.8260518237566
2009-06-08,219.91518815150633
2009-06-09,221.03625113273745
2009-06-10,220.4757196421219
2009-06-11,221.4566497506991
2009-06-12,222.06389219886597
2009-06-15,216.97239782577464
2009-06-16,214.02960750004289
2009-06-17,213.81940819106205
2009-06-18,215.3842252690305
2009-06-19,214.96382665106887
2009-06-22,208.51771450898985
2009-06-23,208.68120286041938
2009-06-24,210.4795747261443
2009-06-25,215.05724856617138
2009-06-26,214.49671707555584
2009-06-29,216.5052882502616
2009-06-30,214.75362734208798
2009-07-01,215.64113553556263
2009-07-02,209.7555548840992
2009-07-06,209.73219940532357
2009-07-07,205.66834609836073
2009-07-08,205.52821322570685
2009-07-09,205.92525636489287
2009-07-10,205.43479131060428
2009-07-13,210.43286376859305
2009-07-14,211.62399318615113
2009-07-15,217.813195061698
2009-07-16,219.82176623640376
2009-07-17,219.84512171517937
2009-07-20,222.18066959274424
2009-07-21,223.2083106588728
2009-07-22,223.16159970132153
2009-07-23,228.08960572298335
2009-07-24,229.0238248740093
2009-07-27,229.7011337585031
2009-07-28,228.62678173482328
2009-07-29,228.06625024420777
2009-07-30,230.4485090793239
2009-07-31,230.775485782183
2009-08-03,234.5824288226137
2009-08-04,235.18967127078062
2009-08-05,234.5123623862868
2009-08-06,233.2978774899531
2009-08-07,236.35744520956305
2009-08-10,235.86698015527446
2009-08-11,235.37753286443842
2009-08-12,234.93469960130105
2009-08-13,236.72933966769983
2009-08-14,234.9113925874517
2009-08-17,229.1312531528165
2009-08-18,230.9492002330647
2009-08-19,232.97691043795686
2009-08-20,235.37753286443842
2009-08-21,239.99232160660688
2009-08-24,239.96901459275756
2009-08-25,240.43515486974422
2009-08-26,240.4584618835936
2009-08-27,240.9945232021283
2009-08-28,240.94790917442958
2009-08-31,238.80366390029076
2009-09-01,233.536278770341
2009-09-02,232.65061224406628
2009-09-03,234.5850943935611
2009-09-04,237.8713833463174
2009-09-08,239.92240056505892
2009-09-09,241.76365465915643
2009-09-10,244.234198127186
2009-09-11,244.18758409948734
2009-09-14,245.37624180580346
2009-09-15,246.40175041517423
2009-09-16,250.13087263106786
2009-09-17,249.75796040947853
2009-09-18,248.7324518001078
2009-09-21,248.10316242617577
2009-09-22,249.54819728483452
2009-09-23,247.47387305224376
2009-09-24,244.7469524318715
2009-09-25,243.44175965630873
2009-09-28,247.8001712461344
2009-09-29,247.05434680295565
2009-09-30,246.09875923513295
2009-10-01,240.06224264815512
2009-10-02,238.87358494183903
2009-10-05,242.43955806078733
2009-10-06,245.9123031243384
2009-10-07,246.5882065259691
2009-10-08,248.47607464776527
2009-10-09,249.9910305479721
2009-10-12,250.96992512964417
2009-10-13,250.4571708249588
2009-10-14,254.76896838708586
2009-10-15,255.70124894105928
2009-10-16,253.79007380541384
2009-10-19,255.88770505185408
2009-10-20,254.53589824859262
2009-10-21,252.25181089135776
2009-10-22,254.81558241478467
2009-10-23,251.90220568361775
2009-10-26,249.17528506324555
2009-10-27,248.03324138462816
2009-10-28,243.3485316009117
2009-10-29,248.5693027031629
2009-10-30,241.36743542371826
2009-11-02,243.13876847626776
2009-11-03,243.90789993329585
2009-11-04,244.53718930722795
2009-11-05,249.03544298014967
2009-11-06,249.68803936793105
2009-11-09,255.3749507471689
2009-11-10,255.42156477486762
2009-11-11,256.7267575504304
2009-11-12,254.1163719993048
2009-11-13,255.49148581641563
2009-11-16,259.19730101846
2009-11-17,259.50029219850137
2009-11-18,259.337143101556
2009-11-19,255.9576260934024
2009-11-20,255.04865255327837
2009-11-23,258.288327478336
2009-11-24,258.6845467137747
2009-11-25,259.59352025389876
2009-11-27,255.37495074716907
2009-11-30,256.23731025959444
2009-12-01,259.4070641431041
2009-12-02,259.29052907385744
2009-12-03,257.26281886896527
2009-12-04,258.73116074147345
2009-12-07,258.33494150603474
2009-12-08,255.4681788025665
2009-12-09,256.42376637038933
2009-12-10,257.86880122904813
2009-12-11,258.9642308799669
2009-12-14,260.7355639325164
2009-12-15,259.5235992123509
2009-12-16,259.9198184477896
2009-12-17,256.7966785919787
2009-12-18,256.8665996335267
2009-12-21,259.4769851846523
2009-12-22,260.4092657386258
2009-12-23,260.92202004331114
2009-12-24,262.1572917773259
2009-12-28,262.71666010970995
2009-12-29,262.34374788812056
2009-12-30,262.2505198327232
2009-12-31,259.73336233699496
2010-01-04,264.1383879545194
2010-01-05,264.83759836999945
2010-01-06,265.0240544807942
2010-01-07,266.1427911455623
2010-01-08,267.02845767183703
2010-01-11,267.4013698934264
2010-01-12,264.9075194115476
2010-01-13,267.1449927410838
2010-01-14,267.8675101704132
2010-01-15,264.86090538384894
2010-01-19,268.1705013504546
2010-01-20,265.4435807300823
2010-01-21,260.3393446970779
2010-01-22,254.5358982485933
2010-01-25,255.84109102415607
2010-01-26,254.76896838708663
2010-01-27,255.9809331072521
2010-01-28,253.0442493622358
2010-01-29,250.29402172801426
2010-02-01,254.1862930408533
2010-02-02,257.2628188689656
2010-02-03,255.98093310725213
2010-02-04,248.0798554123274
2010-02-05,248.59260971701275
2010-02-08,246.7979696506139
2010-02-09,249.89780249257555
2010-02-10,249.4083552017395
2010-02-11,252.01874075286509
2010-02-12,251.80897762822107
2010-02-16,255.7711699826081
2010-02-17,256.98313470277355
2010-02-18,258.49809060298037
2010-02-19,259.03415192151505
2010-02-22,259.08076594921374
2010-02-23,255.9343190795534
2010-02-24,258.2883274783363
2010-02-25,257.9387222705963
2010-02-26,258.10187136754166
2010-03-01,260.7821779602152
2010-03-02,261.5046953895446
2010-03-03,261.7377655280379
2010-03-04,262.53020399891534
2010-03-05,266.28263322865837
2010-03-08,266.329247256357
2010-03-09,266.7720805194944
2010-03-10,267.96073822581053
2010-03-11,269.07947489057864
2010-03-12,269.102781904428
2010-03-15,269.172702945976
2010-03-16,271.3169482201149
2010-03-17,272.92513217571906
2010-03-18,272.78529009262303
2010-03-19,270.29143961074413
2010-03-22,271.7364744694029
2010-03-23,273.6476496050484
2010-03-24,272.31914981563625
2010-03-25,271.8763165524989
2010-03-26,271.7131674555535
2010-03-29,273.43788648040436
2010-03-30,273.6243425911991
2010-03-31,272.69206203722564
2010-04-01,274.55662314517247
2010-04-05,276.7940964747087
2010-04-06,277.4466928624901
2010-04-07,275.86181592073535
2010-04-08,276.81740348855806
2010-04-09,278.6353505688062
2010-04-12,279.0781838319436
2010-04-13,279.28794695658763
2010-04-14,282.45770084009723
2010-04-15,282.69077097859065
2010-04-16,278.1925173056689
2010-04-19,279.24133292888894
2010-04-20,281.73518341076783
2010-04-21,281.2224291060824
2010-04-22,282.06148160465847
2010-04-23,283.90273569875603
2010-04-26,282.83061306168656
2010-04-27,276.14150008692735
2010-04-28,278.2391313333675
2010-04-29,281.6885693830692
2010-04-30,276.9106315439554
2010-05-03,280.499911676753
2010-05-04,273.90402675739114
2010-05-05,272.2725357879376
2010-05-06,263.2294144143955
2010-05-07,259.31383608770716
2010-05-10,270.73427287388154
2010-05-11,269.9651414168535
2010-05-12,273.7408776604459
2010-05-13,270.3380536384429
2010-05-14,265.4435807300825
2010-05-17,265.5834228131785
2010-05-18,261.9708356665315
2010-05-19,260.479186780174
2010-05-20,250.6436269357544
2010-05-21,254.32613512394943
2010-05-24,251.0398461711931
2010-05-25,251.29622332353577
2010-05-26,249.78126742332898
2010-05-27,258.14848539524047
2010-05-28,254.90881047018283
2010-06-01,250.62031992190506
2010-06-02,257.146283799719
2010-06-03,258.0319503259938
2010-06-04,248.9655219386023
2010-06-07,245.86568909664072
2010-06-08,248.4993816616157
2010-06-09,247.1708818722036
2010-06-10,254.3960561654976
2010-06-11,255.63132789951237
2010-06-14,255.23510866407366
2010-06-15,261.03855511255824
2010-06-16,260.9453270571609
2010-06-17,261.36485330644894
2010-06-18,260.4092657386262
2010-06-21,259.66344129544746
2010-06-22,255.3749507471697
2010-06-23,254.5825122762923
2010-06-24,250.36394276956258
2010-06-25,251.41275839278268
2010-06-28,250.6203199219053
2010-06-29,242.88239132392587
2010-06-30,240.57499695284167
2010-07-01,239.5028743157723
2010-07-02,238.19768154020952
2010-07-06,239.759251468115
2010-07-07,247.31072395529972
2010-07-08,249.75796040947995
2010-07-09,251.62252151742678
2010-07-12,251.78567061437212
2010-07-13,255.5847138718138
2010-07-14,255.56140685796444
2010-07-15,255.63132789951246
2010-07-16,248.59260971701312
2010-07-19,250.06095158952127
2010-07-20,252.8344862375922
2010-07-21,249.54819728483585
2010-07-22,255.11857359482707
2010-07-23,257.33273991051396
2010-07-26,260.0130465031876
2010-07-27,259.98973948933826
2010-07-28,258.3116344921861
2010-07-29,257.053055744322
2010-07-30,257.0064417166233
2010-08-02,262.8098881651079
2010-08-03,261.55130941724383
2010-08-04,263.29933545594395
2010-08-05,263.0196512897519
2010-08-06,261.9475286526825
2010-08-09,263.34594948364264
2010-08-10,261.92422163883316
2010-08-11,254.74566137323782
2010-08-12,253.18409144533237
2010-08-13,252.43826700215365
2010-08-16,252.321731932907
2010-08-17,255.42156477486867
2010-08-18,255.88770505185542
2010-08-19,251.43606540663228
2010-08-20,250.62031992190558
2010-08-23,249.66473235408282
2010-08-24,245.95891715203842
2010-08-25,246.91450471986118
2010-08-26,245.25970673655843
2010-08-27,249.0587499940001
2010-08-30,245.44616284735307
2010-08-31,245.44616284735307
2010-09-01,252.78787220989378
2010-09-02,255.1418806086767
2010-09-03,258.45147657528236
2010-09-07,255.53809984411538
2010-09-08,257.3327399105142
2010-09-09,258.5213976168303
2010-09-10,259.8265903923931
2010-09-13,262.7166601097107
2010-09-14,262.55351101276545
2010-09-15,263.55571260828685
2010-09-16,263.4857915667389
2010-09-17,262.1805987911761
2010-09-20,266.18940517326183
2010-09-21,265.65334385472715
2010-09-22,264.3481510791644
2010-09-23,262.2039058050255
2010-09-24,267.6111330180713
2010-09-27,266.32924725635786
2010-09-28,267.2615278103313
2010-09-29,266.7953875333445
2010-09-30,266.00294906246717
2010-10-01,267.1216857272353
2010-10-04,265.1172825361924
2010-10-05,270.45458870769033
2010-10-06,270.431281693841
2010-10-07,270.1049834999504
2010-10-08,271.6199394001572
2010-10-11,271.8763165524999
2010-10-12,272.715369051076
2010-10-13,274.8363073113655
2010-10-14,273.7641846742961
2010-10-15,274.32355300668013
2010-10-18,276.2813421700243
2010-10-19,272.0627726632946
2010-10-20,274.71977224211884
2010-10-21,275.3257546022016
2010-10-22,275.83850890688694
2010-10-25,276.6542543916137
2010-10-26,276.7008684193123
2010-10-27,275.9084299484349
2010-10-28,275.9550439761336
2010-10-29,276.1648071007775
2010-11-01,276.2580351561749
2010-11-02,278.4722014718618
2010-11-03,279.56763112278054
2010-11-04,284.95155132197704
2010-11-05,286.0236739590465
2010-11-08,285.48761264051177
2010-11-09,283.4365954217703
2010-11-10,284.5786391003877
2010-11-11,283.5065164633183
2010-11-12,280.1503064690139
2010-11-15,279.7540872335752
2010-11-16,275.3956756437494
2010-11-17,275.53551772684546
2010-11-18,279.59093813662986
2010-11-19,280.36006959365795
2010-11-22,280.12699945516454
2010-11-23,276.07157904538013
2010-11-24,280.15030646901386
2010-11-26,276.88732453010687
2010-11-29,277.7263770286829
2010-11-30,276.16480710077747
2010-12-01,282.03817459081006
2010-12-02,285.65076173745706
2010-12-03,286.41989319448516
2010-12-06,286.1169020144438
2010-12-07,286.2800511113891
2010-12-08,287.3288667346092
2010-12-09,288.44760339937733
2010-12-10,290.1257083965295
2010-12-13,290.3121645073242
2010-12-14,290.5685416596669
2010-12-15,289.24004187025474
2010-12-16,290.91814686740696
2010-12-17,289.7061821472415
2010-12-20,290.4053925627216
2010-12-21,292.24664665681917
2010-12-22,293.1556201969433
2010-12-23,292.7360939476552
2010-12-27,292.8526290169019
2010-12-28,293.27215526619
2010-12-29,293.48191839083404
2010-12-30,293.0157781138473
2010-12-31,293.08569915539533
2011-01-03,296.11561095580896
2011-01-04,295.9524618588636
2011-01-05,297.4907247729198
2011-01-06,296.90804942668643
2011-01-07,296.32537408045306
2011-01-10,295.9524618588637
2011-01-11,297.0012774820839
2011-01-12,299.6815840747575
2011-01-13,299.1921367839214
2011-01-14,301.35968907190966
2011-01-18,301.8724433765951
2011-01-19,298.9124526177294
2011-01-20,298.5162333822908
2011-01-21,299.1921367839215
2011-01-24,300.893548794923
2011-01-25,301.05669789186834
2011-01-26,302.22204858433514
2011-01-27,302.967873027514
2011-01-28,297.67718088371475
2011-01-31,299.914654213251
2011-02-01,304.71589906621415
2011-02-02,304.1099167061314
2011-02-03,304.7625130939128
2011-02-04,305.71810066173555
2011-02-07,307.65258281123045
2011-02-08,309.02769662834123
2011-02-09,308.39840725440916
2011-02-10,308.42171426825854
2011-02-11,310.33288940390406
2011-02-14,310.9854857916855
2011-02-15,310.0765122515614
2011-02-16,311.89445933180957
2011-02-17,312.826739885783
2011-02-18,313.6424853705097
2011-02-22,307.18644253424384
2011-02-23,305.3451884401463
2011-02-24,305.1354253155023
2011-02-25,308.3984072544093
2011-02-28,310.33288940390423
2011-03-01,305.06550427395433
2011-03-02,305.69479364788646
2011-03-03,311.07871384708295
2011-03-04,308.7480124621494
2011-03-07,306.1842409387225
2011-03-08,308.95777558679345
2011-03-09,308.56155635135474
2011-03-10,302.8280309444182
2011-03-11,304.9489692047077
2011-03-14,303.10771511061023
2011-03-15,299.6349700470592
2011-03-16,294.1578217924653
2011-03-17,297.98017206375636
2011-03-18,297.7704089391124
2011-03-21,302.3851976812809
2011-03-22,301.3596890719101
2011-03-23,302.15212754278747
2011-03-24,305.0888112878038
2011-03-25,305.99778482792783
2011-03-28,305.1820393432011
2011-03-29,307.32628461734004
2011-03-30,309.28407378068414
2011-03-31,308.8412405175468
2011-04-01,310.33288940390435
2011-04-04,310.5426525285484
2011-04-05,310.5426525285484
2011-04-06,311.52154711022047
2011-04-07,310.729108639343
2011-04-08,309.65698600227364
2011-04-11,308.7480124621495
2011-04-12,306.3706970495173
2011-04-13,306.3706970495173
2011-04-14,306.62707420185995
2011-04-15,307.9322669774228
2011-04-18,304.2264517753784
2011-04-19,305.97447781407857
2011-04-20,310.35619641775367
2011-04-21,311.70800322101513
2011-04-25,311.42831905482313
2011-04-26,314.15523967519533
2011-04-27,316.1130288385395
2011-04-28,317.0686164063623
2011-04-29,318.2339670988291
2011-05-02,317.5580636971984
2011-05-03,316.2994849493343
2011-05-04,314.3183887721408
2011-05-05,311.4516260686725
2011-05-06,312.78012585808466
2011-05-09,313.9920905782501
2011-05-10,316.6723971709237
2011-05-11,313.36280120431803
2011-05-12,314.8777571045249
2011-05-13,312.4072136364953
2011-05-16,310.4261174593018
2011-05-17,310.3795034316031
2011-05-18,313.1996521073727
2011-05-19,313.85224849515413
2011-05-20,311.54485412406984
2011-05-23,307.7458108666281
2011-05-24,307.53604774198413
2011-05-25,308.51494232365627
2011-05-26,310.0065912100137
2011-05-27,311.24186294402847
2011-05-31,314.38830981368875
2011-06-01,307.3029776034907
2011-06-02,306.93006538190133
2011-06-03,303.923460595337
2011-06-06,300.77701372567674
2011-06-07,300.31087344869
2011-06-08,299.26205782547
2011-06-09,301.5927592104035
2011-06-10,297.30426866212576
2011-06-13,297.56064581446844
2011-06-14,301.4063030996088
2011-06-15,296.04568991426163
2011-06-16,296.65167227434443
2011-06-17,296.0456899142617
2011-06-20,297.63056685601657
2011-06-21,301.6393732381023
2011-06-22,299.9612682409501
2011-06-23,299.00568067312736
2011-06-24,295.5562426234257
2011-06-27,298.1899351884006
2011-06-28,302.08220650123974
2011-06-29,304.7392060800639
2011-06-30,307.58266176968294
2011-07-01,312.2207575257007
2011-07-05,311.63808217946735
2011-07-06,312.1741434980021
2011-07-07,315.7168096031011
2011-07-08,313.24626613507155
2011-07-11,307.5593547558336
2011-07-12,306.32408302181886
2011-07-13,307.3029776034909
2011-07-14,305.1820393432013
2011-07-15,307.0466004511482
2011-07-18,304.3429868446253
2011-07-19,309.47052989147915
2011-07-20,309.16753871143777
2011-07-21,313.52595030126355
2011-07-22,313.7357134259076
2011-07-25,311.91776634565946
2011-07-26,310.8223366947407
2011-07-27,304.389600872324
2011-07-28,303.3640922629533
2011-07-29,300.77701372567714
2011-08-01,299.9845752547998
2011-08-02,292.47971679531366
2011-08-03,294.1578217924658
2011-08-04,280.1036924413164
2011-08-05,279.63755216432975
2011-08-08,261.6445374726426
2011-08-09,273.55442154965306
2011-08-10,261.85430059728657
2011-08-11,273.3446584250091
2011-08-12,275.3723686299013
2011-08-15,280.96605195374184
2011-08-16,278.65865758265767
2011-08-17,278.91503473500035
2011-08-18,267.1216857272365
2011-08-19,262.6234320543148
2011-08-22,262.7399671235615
2011-08-23,271.43348328936366
2011-08-24,275.3257546022027
2011-08-25,271.08387808162365
2011-08-26,275.11599147755874
2011-08-29,282.9005341032368
2011-08-30,283.45990243562085
2011-08-31,284.4854110449916
2011-09-01,281.92163952156466
2011-09-02,274.6498512005719
2011-09-06,272.66875502337837
2011-09-07,280.31345556596045
2011-09-08,277.4000788347935
2011-09-09,270.03506245840344
2011-09-12,271.89962356635033
2011-09-13,274.0438688404892
2011-09-14,278.19251730567095
2011-09-15,283.11029722788084
2011-09-16,283.3666743802235
2011-09-19,280.40668362135796
2011-09-20,280.08038542746726
2011-09-21,271.5500183586104
2011-09-22,262.9031162205068
2011-09-23,264.62783524535763
2011-09-26,270.9440359985276
2011-09-27,274.0904828681879
2011-09-28,268.40357148895004
2011-09-29,270.4079746799929
2011-09-30,263.76547573293226
2011-10-03,256.2140032457475
2011-10-04,261.3415462926013
2011-10-05,266.8653085748939
2011-10-06,271.55001835861043
2011-10-07,269.7786853060609
2011-10-10,278.7285786242058
2011-10-11,278.93834174884984
2011-10-12,281.24573611993407
2011-10-13,280.77959584294734
2011-10-14,285.6507617374586
2011-10-17,280.2435345244127
2011-10-18,285.76729680670525
2011-10-19,282.3411657708529
2011-10-20,283.62305153256636
2011-10-21,288.7972086071188
2011-10-24,292.47971679531383
2011-10-25,286.862726457624
2011-10-26,289.7761031887909
2011-10-27,297.001277482085
2011-10-28,299.914654213252
2011-10-31,292.38648873991656
2011-11-01,284.53202507269043
2011-11-02,288.9836647179135
2011-11-03,294.22774283401407
2011-11-04,292.3864887399165
2011-11-07,294.32097088941134
2011-11-08,298.0034790776064
2011-11-09,287.11910360996666
2011-11-10,289.7527961749415
2011-11-11,295.11340936028876
2011-11-14,292.4097957537658
2011-11-15,293.948058667822
2011-11-16,289.12350680100946
2011-11-17,284.7650952111837
2011-11-18,284.32226194804633
2011-11-21,278.7984996657538
2011-11-22,277.79629807023235
2011-11-23,271.6665534278571
2011-11-25,270.82750092928103
2011-11-28,278.9849557765485
2011-11-29,279.8706223028232
2011-11-30,291.5940502690391
2011-12-01,291.29105908899777
2011-12-02,291.0113749228057
2011-12-05,294.15782179246605
2011-12-06,294.27435686171276
2011-12-07,295.4164005403302
2011-12-08,288.9603577040642
2011-12-09,293.738295543178
2011-12-12,289.5663400641469
2011-12-13,286.93264749917205
2011-12-14,283.669665560265
2011-12-15,284.69517416963583
2011-12-16,283.3433673663743
2011-12-19,280.4299906352074
2011-12-20,288.7272875655709
2011-12-21,289.4031909672017
2011-12-22,292.1068045737246
2011-12-23,294.5773480417542
2011-12-27,294.81041818024755
2011-12-28,291.1512170059019
2011-12-29,293.9014446401235
2011-12-30,292.5030238091634
2012-01-03,297.1411195651812
2012-01-04,297.4674177590719
2012-01-05,298.56284740999064
2012-01-06,297.9102510222092
2012-01-09,298.3064702576479
2012-01-10,300.9634698364722
2012-01-11,301.2431540026642
2012-01-12,301.84913636274695
2012-01-13,300.6837856702802
2012-01-17,301.38299608576034
2012-01-18,304.85574114931137
2012-01-19,306.44061809106614
2012-01-20,307.536047741985
2012-01-23,306.67368822955956
2012-01-24,306.39400406336756
2012-01-25,308.9810826006438
2012-01-26,307.4195126727384
2012-01-27,307.0232934372996
2012-01-30,306.20754795257284
2012-01-31,305.81132871713424
2012-02-01,308.7480124621505
2012-02-02,311.71289696563576
2012-02-03,316.6543711381113
2012-02-06,316.39553201479123
2012-02-07,317.17204938475163
2012-02-08,318.11328256046124
2012-02-09,318.4662450013524
2012-02-10,316.324939526613
2012-02-13,318.5133066601379
2012-02-14,318.1132825604613
2012-02-15,316.58377864993315
2012-02-16,320.1134030588442
2012-02-17,320.9840437463756
2012-02-21,321.1016978933394
2012-02-22,320.06634140005883
2012-02-23,321.45466033423054
2012-02-24,322.20764687479823
2012-02-27,322.7488559508312
2012-02-28,323.6900891265409
2012-02-29,322.0664618984418
2012-03-01,324.1842365437884
2012-03-02,323.1253492211151
2012-03-05,321.7840919457289
2012-03-06,316.8896794320388
2012-03-07,319.2898240300984
2012-03-08,322.41942433933286
2012-03-09,323.71361995593355
2012-03-12,323.7371507853263
2012-03-13,329.57279647472603
2012-03-14,329.21983403383496
2012-03-15,331.1258312146469
2012-03-16,330.0669438919736
2012-03-19,331.50232448493074
2012-03-20,330.396375503472
2012-03-21,329.80810476865344
2012-03-22,327.4550218293794
2012-03-23,328.7021557871946
2012-03-26,333.2200750306009
2012-03-27,332.09059521974933
2012-03-28,330.4434371622575
2012-03-29,329.94928974500993
2012-03-30,331.12583121464695
2012-04-02,333.64362995967014
2012-04-03,332.3964960018549
2012-04-04,329.0551182280858
2012-04-05,328.9139332517294
2012-04-09,325.2666546958546
2012-04-10,319.6427864709896
2012-04-11,322.13705438662015
2012-04-12,326.72556611820454
2012-04-13,322.6782634626531
2012-04-16,322.2076468747983
2012-04-17,327.29030602363025
2012-04-18,326.1137645539933
2012-04-19,324.13717488500305
2012-04-20,324.60779147285785
2012-04-23,321.8782152633
2012-04-24,323.10181839172253
2012-04-25,327.6432684645215
2012-04-26,329.8316355980464
2012-04-27,330.41990633286485
2012-04-30,328.8904024223368
2012-05-01,331.17289287343266
2012-05-02,330.0904747213666
2012-05-03,327.6667992939143
2012-05-04,322.2782393629767
2012-05-07,322.60767097447507
2012-05-08,321.1958212109107
2012-05-09,319.4074781770624
2012-05-10,319.9016255943099
2012-05-11,318.9839232479931
2012-05-14,315.61901464483117
2012-05-15,313.78360995219737
2012-05-16,312.6776609707386
2012-05-17,307.9479642627977
2012-05-18,305.288980541418
2012-05-21,310.6540096429629
2012-05-22,311.0775645720322
2012-05-23,311.24228037778147
2012-05-24,311.8540819419927
2012-05-25,310.8422562781048
2012-05-29,314.6071889809433
2012-05-30,309.9716155905734
2012-05-31,309.4068756851476
2012-06-01,301.57110949736494
2012-06-04,301.42992452100856
2012-06-05,303.6182916545335
2012-06-06,310.654009642963
2012-06-07,310.72460213114124
2012-06-08,313.2424008761645
2012-06-11,309.3127523675768
2012-06-12,312.98356175284437
2012-06-13,310.8422562781049
2012-06-14,314.3012881988378
2012-06-15,314.3012881988378
2012-06-18,316.3249395266136
2012-06-19,319.2898240300989
2012-06-20,318.7015532952804
2012-06-21,311.64230447745814
2012-06-22,313.94832575794675
2012-06-25,308.8656666091148
2012-06-26,310.60694798417757
2012-06-27,313.3600550231282
2012-06-28,312.4658835062041
2012-06-29,320.6546121348779
2012-07-02,321.10169789334
2012-07-03,323.4783116620068
2012-07-05,321.9958694102641
2012-07-06,319.05451573617154
2012-07-09,318.41918334256746
2012-07-10,315.6425454742241
2012-07-11,315.68960713300953
2012-07-12,314.1601032224814
2012-07-13,319.4310090064553
2012-07-16,318.5838991483167
2012-07-17,320.8663895994126
2012-07-18,323.33712668565033
2012-07-19,324.11364405561085
2012-07-20,321.12522872273274
2012-07-23,317.8779742665346
2012-07-24,315.38370635090405
2012-07-25,315.1954597157621
2012-07-26,320.41930384095065
2012-07-27,326.6079119712415
2012-07-30,326.3255420185286
2012-07-31,324.0430515674328
2012-08-01,323.76068161471994
2012-08-02,321.5252528224096
2012-08-03,327.99623090541326
2012-08-06,328.53743998144637
2012-08-07,330.18459803893825
2012-08-08,330.58462213861486
2012-08-09,330.9140537501131
2012-08-10,331.40820116736074
2012-08-13,331.2434853616116
2012-08-14,331.29054702039696
2012-08-15,331.66704029068086
2012-08-16,334.1613082063114
2012-08-17,334.65545562355896
2012-08-20,334.65545562355896
2012-08-21,333.57303747149285
2012-08-22,333.7142224478493
2012-08-23,331.0317078970769
2012-08-24,333.00829756606714
2012-08-27,333.05535922485257
2012-08-28,332.72592761335426
2012-08-29,332.9847667366743
2012-08-30,330.5846221386148
2012-08-31,332.34943434307036
2012-09-04,331.47879365553894
2012-09-05,331.64350946128815
2012-09-06,338.3262650088265
2012-09-07,339.76164560178364
2012-09-10,337.6909326152225
2012-09-11,338.5851041321466
2012-09-12,339.7616456017837
2012-09-13,345.1972671915068
2012-09-14,346.4679319787149
2012-09-17,345.29139050907787
2012-09-18,345.00902055636493
2012-09-19,345.29139050907776
2012-09-20,345.31492133847047
2012-09-21,343.29127001069475
2012-09-24,342.5853451289126
2012-09-25,339.2910290139289
2012-09-26,337.1732543685822
2012-09-27,340.5381629717441
2012-09-28,338.67922744971764
2012-10-01,339.40868316089256
2012-10-02,340.02048472510387
2012-10-03,341.36174200049004
2012-10-04,344.185441527619
2012-10-05,343.85600991612057
2012-10-08,342.7500609346618
2012-10-09,339.43221399028533
2012-10-10,337.1497235391895
2012-10-11,337.3379701743315
2012-10-12,336.11436704590886
2012-10-15,338.8674740848595
2012-10-16,342.5618142995198
2012-10-17,343.9266024042988
2012-10-18,343.22067752251667
2012-10-19,337.196785197975
2012-10-22,337.4556243212951
2012-10-23,332.60827346639053
2012-10-24,331.9023485846083
2012-10-25,332.7965201015325
2012-10-26,332.60827346639064
2012-10-31,332.2082493667141
2012-11-01,336.2790828516582
2012-11-02,333.10242088363816
2012-11-05,333.90246908299133
2012-11-06,336.32614451044367
2012-11-07,328.9139332517303
2012-11-08,324.6077914728588
2012-11-09,325.1019388901064
2012-11-12,325.2901855252483
2012-11-13,324.25482903196774
2012-11-14,319.9722180824889
2012-11-15,319.31335485949216
2012-11-16,320.8428587700203
2012-11-19,327.4314909999878
2012-11-20,327.73739178209337
2012-11-21,328.1374158817699
2012-11-23,332.60827346639064
2012-11-26,331.9023485846085
2012-11-27,330.20812886833113
2012-11-28,332.8671125897108
2012-11-29,334.42014732963173
2012-11-30,334.5142706472027
2012-12-03,332.84358176031805
2012-12-04,332.37296517246324
2012-12-05,332.9612359072818
2012-12-06,334.0907157181333
2012-12-07,335.1260722114139
2012-12-10,335.24372635837756
2012-12-11,337.5262168094734
2012-12-12,337.69093261522255
2012-12-13,335.6202196286614
2012-12-14,334.39661650023896
2012-12-17,338.3027341794339
2012-12-18,342.0676668822725
2012-12-19,339.5263373078564
2012-12-20,341.4793961474539
2012-12-21,335.9967128989453
2012-12-24,334.96135640566473
2012-12-26,333.5495066421003
2012-12-27,333.1024208836383
2012-12-28,329.5022039865489
2012-12-31,335.1025413820212
2013-01-02,343.69129411037153
2013-01-03,342.91477674041107
2013-01-04,344.4207498215465
2013-01-07,343.4795166458369
2013-01-08,342.4912218113418
2013-01-09,343.3618624988731
2013-01-10,346.0914387084311
2013-01-11,346.06790787903833
2013-01-14,345.832599585111
2013-01-15,346.0679078790384
2013-01-16,346.0208462202529
2013-01-17,348.25627501256326
2013-01-18,349.0327923825237
2013-01-22,350.915258733943
2013-01-23,351.47999863936883
2013-01-24,351.57412195693973
2013-01-25,353.55071162593
2013-01-28,353.12715669686065
2013-01-29,354.51547563103236
2013-01-30,353.12715669686077
2013-01-31,352.2565160093293
2013-02-01,355.8802637358114
2013-02-04,351.88002273904544
2013-02-05,355.4331779773494
2013-02-06,355.69201710066943
2013-02-07,355.2214005128147
2013-02-08,357.19799018180487
2013-02-11,357.1273976936267
2013-02-12,357.71566842844516
2013-02-13,358.0215692105508
2013-02-14,358.3510008220491
2013-02-15,357.92744589297985
2013-02-19,360.60996044375224
2013-02-20,356.11557202973876
2013-02-21,353.95073572560665
2013-02-22,357.4097676463395
2013-02-25,350.6093579518375
2013-02-26,353.0095025498971
2013-02-27,357.4568293051251
2013-02-28,356.75090442334294
2013-03-01,357.92744589297996
2013-03-04,359.8334430737919
2013-03-05,363.0571667005974
2013-03-06,363.55131411784504
2013-03-07,364.21017734084177
2013-03-08,365.7632120807626
2013-03-11,367.15153101493433
2013-03-12,366.32795198618845
2013-03-13,366.84563023282874
2013-03-14,368.7986890724262
2013-03-15,366.68091442707964
2013-03-18,364.6572630993039
2013-03-19,363.81015324116527
2013-03-20,366.3514828155813
2013-03-21,363.2218825063468
2013-03-22,366.13970535104664
2013-03-25,364.6102014405185
2013-03-26,367.52802428521835
2013-03-27,367.52802428521835
2013-03-28,368.6575040960699
2013-04-01,367.19859267372
2013-04-02,369.01046653696096
2013-04-03,365.2690646635152
2013-04-04,366.7515069152579
2013-04-05,365.104348857766
2013-04-08,367.5750859440038
2013-04-09,368.84575073121175
2013-04-10,373.3636699746179
2013-04-11,374.58727310304045
2013-04-12,373.66957075672366
2013-04-15,365.01022554019505
2013-04-16,370.39878547113267
2013-04-17,364.9866947108024
2013-04-18,362.7042042597065
2013-04-19,365.85733539833376
2013-04-22,367.4809626264329
2013-04-23,371.26942615866426
2013-04-24,371.5047344525916
2013-04-25,373.010707533727
2013-04-26,372.35184431073026
2013-04-29,374.84611222636084
2013-04-30,375.74028374328503
2013-05-01,372.4457828514587
2013-05-02,375.9048657861013
2013-05-03,379.7120930419622
2013-05-06,380.6816450761836
2013-05-07,382.61086902199304
2013-05-08,384.3523706377655
2013-05-09,383.2723172319848
2013-05-10,384.5172126838091
2013-05-13,384.82297647899395
2013-05-14,388.79972583898785
2013-05-15,390.8823516888442
2013-05-16,389.0586890532772
2013-05-17,392.8235357831047
2013-05-20,392.79987548942967
2013-05-21,393.3648625021311
2013-05-22,390.44684628328747
2013-05-23,389.3173922643393
2013-05-24,388.9832881173898
2013-05-28,391.31759709117375
2013-05-29,388.7763255485402
2013-05-30,390.2115433626734
2013-05-31,384.599633706831
2013-06-03,386.7290601375829
2013-06-04,384.87003706311697
2013-06-05,379.4861502375272
2013-06-06,382.91715282363253
2013-06-07,387.7880532819606
2013-06-10,387.7880532819606
2013-06-11,383.782963570202
2013-06-12,380.610924198386
2013-06-13,386.39963604872304
2013-06-14,383.96418581955913
2013-06-17,386.9407027645222
2013-06-18,389.9882005905103
2013-06-19,384.61133385205505
2013-06-20,375.08117556233833
2013-06-21,376.28551051071963
2013-06-24,371.53083149494927
2013-06-25,375.1147159786469
2013-06-26,378.8166419274925
2013-06-27,381.0401895264901
2013-06-28,379.47913015039313
2013-07-01,381.7026777493908
2013-07-02,381.3477733442654
2013-07-03,381.51339539999054
2013-07-05,385.62950648976255
2013-07-08,387.817433646634
2013-07-09,390.62078844228313
2013-07-10,390.76743026242286
2013-07-11,396.08501626507706
2013-07-12,396.2506383208022
2013-07-15,397.7763372580003
2013-07-16,396.28625876292836
2013-07-17,397.2916912425032
2013-07-18,399.4676582509235
2013-07-19,400.1774670611741
2013-07-22,400.9579967492226
2013-07-23,400.10648618014903
2013-07-24,398.63980797552495
2013-07-25,399.6096200129736
2013-07-26,400.03550529912405
2013-07-29,398.80543003125024
2013-07-30,398.8007499731607
2013-07-31,399.0893535553505
2013-08-01,403.7020708090708
2013-08-02,404.3882193256464
2013-08-05,403.7967119837709
2013-08-06,401.50218350374826
2013-08-07,400.20112735484935
2013-08-08,401.6678055594735
2013-08-09,400.50871117262466
2013-08-12,400.03784532816906
2013-08-13,401.2182599796482
2013-08-14,399.16033443637576
2013-08-15,393.57754514197956
2013-08-16,392.27648899308065
2013-08-19,389.7690178699828
2013-08-20,391.68524165443233
2013-08-21,389.2724117060346
2013-08-22,392.8206757476061
2013-08-23,394.1453921901801
2013-08-26,392.67871398555604
2013-08-27,386.3627155904614
2013-08-28,387.73475262038545
2013-08-29,388.3496602527088
2013-08-30,387.1195849848349
2013-09-03,388.8701867135593
2013-09-04,392.08720664368053
2013-09-05,392.5840728108559
2013-09-06,392.77335516025613
2013-09-09,396.543921961082
2013-09-10,399.4676582509239
2013-09-11,400.7213938124728
2013-09-12,399.65694060032405
2013-09-13,400.5560317599748
2013-09-16,402.87422053367254
2013-09-17,404.67188284651974
2013-09-18,409.3581810135371
2013-09-19,408.66969246791666
2013-09-20,405.8122570010103
2013-09-23,403.934253690959
2013-09-24,402.9834218890959
2013-09-25,401.8188674344759
2013-09-26,403.3638066104866
2013-09-27,401.50738356829265
2013-09-30,399.370417043952
2013-10-01,402.5317962834529
2013-10-02,402.15141156206204
2013-10-03,398.4432455357637
2013-10-04,401.46214300676013
2013-10-07,397.9916199301208
2013-10-08,393.3562823956342
2013-10-09,393.64176593909764
2013-10-10,402.1277512683871
2013-10-11,404.71868342741544
2013-10-14,406.33512349090563
2013-10-15,403.3877269073888
2013-10-16,409.02121683108857
2013-10-17,411.7548907618486
2013-10-18,414.5312052218692
2013-10-21,414.559805576861
2013-10-22,416.9606753768076
2013-10-23,414.96385059192676
2013-10-24,416.34264770575794
2013-10-25,418.2443113094844
2013-10-28,418.90991957111135
2013-10-29,421.1443873056513
2013-10-30,419.05240133961604
2013-10-31,417.8639265880938
2013-11-01,418.8623389805342
2013-11-04,420.33603727229274
2013-11-05,419.00482074903874
2013-11-06,421.14438730565143
2013-11-07,415.81952121263566
2013-11-08,421.4296108458877
2013-11-11,421.5008517301399
2013-11-12,420.6451811094313
2013-11-13,424.02054300491614
2013-11-14,426.1361892646265
2013-11-15,427.9902722777758
2013-11-18,426.4926536891151
2013-11-19,425.56548218092695
2013-11-20,424.2345256609002
2013-11-21,427.6574681469623
2013-11-22,429.7967747003478
2013-11-25,429.3688093883799
2013-11-26,429.4876308632093
2013-11-27,430.533623846227
2013-11-29,430.24840030599086
2013-12-02,429.13116643872087
2013-12-03,427.27708342557173
2013-12-04,427.22950283499455
2013-12-05,425.35175952817036
2013-12-06,430.1056585342592
2013-12-09,431.1992321078541
2013-12-10,429.6540329286163
2013-12-11,424.82863303504786
2013-12-12,423.42617562754174
2013-12-13,423.3785950369646
2013-12-16,426.00774767039115
2013-12-17,424.6622309696413
2013-12-18,431.91242096005845
2013-12-19,431.41321476383825
2013-12-20,433.9232859192081
2013-12-23,436.24147469290574
2013-12-24,437.197506559313
2013-12-26,439.4080539969507
2013-12-27,439.3843937032757
2013-12-30,439.32459296102013
2013-12-31,441.40383876892287
2014-01-02,437.17358626241094
2014-01-03,437.0898652232531
2014-01-06,435.8350896487955
2014-01-07,438.51182287279914
2014-01-08,438.607504060408
2014-01-09,438.8942876200075
2014-01-10,440.0892624522097
2014-01-13,434.2220296272589
2014-01-14,438.9660485107142
2014-01-15,441.33207787821635
2014-01-16,440.7585107590175
2014-01-17,438.88232747155655
2014-01-21,440.1849436398187
2014-01-22,440.4717271994182
2014-01-23,436.8628824059095
2014-01-24,427.54202671408717
2014-01-27,425.43886060928236
2014-01-28,427.97207205187283
2014-01-29,423.8614210298719
2014-01-30,428.35453679908113
2014-01-31,425.84498565016577
2014-02-03,416.26126669564616
2014-02-04,419.165242740221
2014-02-05,418.6512163600505
2014-02-06,424.1721248863736
2014-02-07,429.4301701499994
2014-02-10,430.218759938091
2014-02-11,434.9268983761931
2014-02-12,435.14218104831303
2014-02-13,437.388608931304
2014-02-14,439.8024788926106
2014-02-18,440.328205418005
2014-02-19,437.4125292282062
2014-02-20,439.9938412678283
2014-02-21,439.49177503610883
2014-02-24,441.9295652943177
2014-02-25,441.7623832192294
2014-02-26,441.7863035161316
2014-02-27,444.10449228982935
2014-02-28,445.2277062313248
2014-03-03,442.0970073726333
2014-03-04,448.31082449943915
2014-03-05,448.7172095435497
2014-03-06,449.74474229743635
2014-03-07,449.93610467265404
2014-03-10,449.69690170363197
2014-03-11,447.47439411754317
2014-03-12,447.59373559882715
2014-03-13,442.5748933042234
2014-03-14,441.3320778782169
2014-03-17,445.323387418934
2014-03-18,448.50192687143
2014-03-19,446.1119772070256
2014-03-20,448.7099294531883
2014-03-21,446.9757079277774
2014-03-24,445.1273449856267
2014-03-25,447.23987120661064
2014-03-26,444.0231112797166
2014-03-27,443.0868396585764
2014-03-28,445.2713867734944
2014-03-31,448.92027206399166
2014-04-01,451.8967890089548
2014-04-02,453.4092277815657
2014-04-03,452.80914033319266
2014-04-04,447.45593388841235
2014-04-07,442.5109325103329
2014-04-08,444.33511515235426
2014-04-09,449.11215444566386
2014-04-10,439.66623720155917
2014-04-11,435.71730818687547
2014-04-14,439.15039079879836
2014-04-15,442.17474833756586
2014-04-16,446.79578569455646
2014-04-17,447.4317535882828
2014-04-21,448.9922929579254
2014-04-22,451.0325382817483
2014-04-23,449.9764051728699
2014-04-24,450.88849649388055
2014-04-25,447.19177060957895
2014-04-28,448.59604803967557
2014-04-29,450.6966141122086
2014-04-30,452.0408307968224
2014-05-01,452.07697124540294
2014-05-02,451.4407433484493
2014-05-05,452.30499407565554
2014-05-06,448.368025209423
2014-05-07,451.00861798484624
2014-05-08,450.5164318757604
2014-05-09,451.20076036974564
2014-05-12,455.5815547448052
2014-05-13,456.00171995995726
2014-05-14,453.84135314516874
2014-05-15,449.8562836819045
2014-05-16,451.41682305154706
2014-05-19,453.07304360879857
2014-05-20,450.2163881515737
2014-05-21,454.0093152299388
2014-05-22,455.11354893584894
2014-05-23,456.9379915810975
2014-05-27,459.7465464412907
2014-05-28,459.4103622685237
2014-05-29,461.787051768341
2014-05-30,462.5311810045817
2014-06-02,463.0472874105697
2014-06-03,462.8192645803171
2014-06-04,463.75527619823
2014-06-05,466.77989374022485
2014-06-06,469.00058130372327
2014-06-09,469.4925074095819
2014-06-10,469.54060800661364
2014-06-11,467.90830774626437
2014-06-12,464.59560662853426
2014-06-13,466.011844207082
2014-06-16,466.3958689736535
2014-06-17,467.69224506446284
2014-06-18,471.11284752148015
2014-06-19,469.396566218746
2014-06-20,472.6206062360017
2014-06-23,472.4757844384524
2014-06-24,469.6297891135427
2014-06-25,471.7521954571604
2014-06-26,471.4147112682574
2014-06-27,472.3312226441305
2014-06-30,472.0899396492907
2014-07-01,475.24975886942855
2014-07-02,475.7323248591081
2014-07-03,478.071833897436
2014-07-07,476.40755324014145
2014-07-08,473.3441952172942
2014-07-09,475.466861564139
2014-07-10,473.5854782121341
2014-07-11,474.2367862962652
2014-07-14,476.624655934852
2014-07-15,475.7323248591084
2014-07-16,477.49306671369345
2014-07-17,472.0657593491617
2014-07-18,476.889859226594
2014-07-21,475.9975281508504
2014-07-22,478.07183389743636
2014-07-23,479.1331670708587
2014-07-24,479.1573473709882
2014-07-25,476.9140395267235
2014-07-28,477.1069619213045
2014-07-29,475.05683647484807
2014-07-30,475.1291173720091
2014-07-31,465.7461209088863
2014-08-01,464.3231232464315
2014-08-04,467.67586486115016
2014-08-05,463.14114857558934
2014-08-06,463.2859703731387
2014-08-07,460.7774592371321
2014-08-08,466.10804540114634
2014-08-11,467.446802017989
2014-08-12,466.807454082309
2014-08-13,469.96727330244676
2014-08-14,472.186400846582
2014-08-15,472.0899396492915
2014-08-18,476.04588875110966
2014-08-19,478.53021958698696
2014-08-20,479.80865545511966
2014-08-21,481.2077328206723
2014-08-22,480.4599635392508
2014-08-25,482.89593377486915
2014-08-26,483.20949766686994
2014-08-27,483.016575272289
2014-08-28,482.7513719805471
2014-08-29,484.1262690459702
2014-09-02,483.88498605113045
2014-09-03,483.61978275938844
2014-09-04,482.9203740782257
2014-09-05,485.0911410221021
2014-09-08,483.8368854540987
2014-09-09,480.7735274312515
2014-09-10,482.58236988286825
2014-09-11,483.1372167697088
2014-09-12,480.31514174170127
2014-09-15,479.9558172817136
2014-09-16,483.5714221591295
2014-09-17,484.22273024326057
2014-09-18,486.80352227642834
2014-09-19,486.3656768418268
2014-09-22,482.6094102184969
2014-09-23,479.84687592951786
2014-09-24,483.6031425528478
2014-09-25,475.79992569818046
2014-09-26,479.58037262163987
2014-09-29,478.7078017911633
2014-09-30,477.4478261521616
2014-10-01,470.9773858401113
2014-10-02,471.0501867437268
2014-10-03,476.23595111019165
2014-10-06,475.6787641943063
2014-10-07,468.33601305500673
2014-10-08,476.5268947214264
2014-10-09,467.07577741277777
2014-10-10,461.74441123908207
2014-10-13,454.15907708880655
2014-10-14,454.86212581515
2014-10-15,451.78446761480683
2014-10-16,451.3968028030545
2014-10-17,456.7281689767502
2014-10-20,461.16278401983993
2014-10-21,470.29877741712454
2014-10-22,466.9546159089034
2014-10-23,472.382963286344
2014-10-24,476.0180684057998
2014-10-27,475.36364028294236
2014-10-28,480.81616796051236
2014-10-29,480.08919893726664
2014-10-30,483.1668571376097
2014-10-31,488.69192571556806
2014-11-03,488.9586890266732
2014-11-04,487.2621679692061
2014-11-05,490.3398261695492
2014-11-06,492.30285053489433
2014-11-07,492.76331625026205
2014-11-10,494.31423550049834
2014-11-11,494.7866613643171
2014-11-12,494.26561489701226
2014-11-13,494.8230618161249
2014-11-14,494.9442233199993
2014-11-17,495.2593472313633
2014-11-18,498.1188627240872
2014-11-19,497.3190927972262
2014-11-20,498.1916636277027
2014-11-21,500.857216712937
2014-11-24,502.2627941591697
2014-11-25,501.89930964754683
2014-11-26,503.1837255899052
2014-11-28,502.117452355166
2014-12-01,498.627689039714
2014-12-02,501.8387288956097
2014-12-03,503.78953310927665
2014-12-04,503.232086190164
2014-12-05,504.05603641715464
2014-12-08,500.6876946088042
2014-12-09,500.3483903973108
2014-12-10,492.3272908382514
2014-12-11,494.82306181612535
2014-12-12,486.82614255719534
2014-12-15,483.481721045747
2014-12-16,479.60455292176994
2014-12-17,489.0070496269325
2014-12-18,501.09953972068587
2014-12-19,503.231826186937
2014-12-22,505.5466349186811
2014-12-23,506.2288833868487
2014-12-24,506.27776399356196
2014-12-26,507.9103242571384
2014-12-29,508.592572725306
2014-12-30,505.8633188494082
2014-12-31,500.84369654512295
2015-01-02,500.57563321788183
2015-01-05,491.53558101143335
2015-01-06,486.905703544718
2015-01-07,492.9731388546113
2015-01-08,501.72094743368916
2015-01-09,497.70025752829883
2015-01-12,493.80150913646423
2015-01-13,492.41257189677236
2015-01-14,489.43995500021725
2015-01-15,484.9561993471871
2015-01-16,491.3161382876783
2015-01-20,492.35173114160807
2015-01-21,494.8493221420724
2015-01-22,502.2084534846856
2015-01-23,499.4547593054312
2015-01-26,500.6245138245952
2015-01-27,494.0209518602195
2015-01-28,487.685453223085
2015-01-29,492.19390918269903
2015-01-30,486.0040123527955
2015-02-02,492.0228270592029
2015-02-03,499.1380753747043
2015-02-04,497.2374517838866
2015-02-05,502.257074088172
2015-02-06,500.8681368484801
2015-02-09,498.62638902357855
2015-02-10,503.93851495846167
2015-02-11,504.23075858583235
2015-02-12,509.0798187730758
2015-02-13,511.17544478429187
2015-02-17,511.9796347660154
2015-02-18,512.0282553695014
2015-02-19,511.6626908320609
2015-02-20,514.7307289129977
2015-02-23,514.6574080029279
2015-02-24,516.1220061817344
2015-02-25,515.6833807374513
2015-02-26,515.0741931761264
2015-02-27,513.3196913989941
2015-03-02,516.5606316260177
2015-03-03,514.4405653114449
2015-03-04,512.2721383966132
2015-03-05,512.832445351225
2015-03-06,505.6196958255242
2015-03-09,507.7153218367403
2015-03-10,499.4791996087882
2015-03-11,498.3094450896243
2015-03-12,504.6449437267588
2015-03-13,501.5436252327406
2015-03-16,508.25144849122273
2015-03-17,506.74056973797497
2015-03-18,512.8324453512249
2015-03-19,510.4931963161243
2015-03-20,514.998792240239
2015-03-23,513.9951797832547
2015-03-24,511.10706393553886
2015-03-25,503.6174109728722
2015-03-26,502.41801608580766
2015-03-27,503.56853036615894
2015-03-30,509.71188661839415
2015-03-31,505.25725132681015
2015-04-01,503.4705091495051
2015-04-02,505.26947147848824
2015-04-06,508.6838338580528
2015-04-07,507.3377971508486
2015-04-08,509.0387382631781
2015-04-09,511.3028463656186
2015-04-10,514.0932009999079
2015-04-13,511.7679921390759
2015-04-14,512.7469042894764
2015-04-15,515.0476728469519
2015-04-16,514.900771023585
2015-04-17,508.97763750478646
2015-04-20,513.6280552264506
2015-04-21,513.0162676328536
2015-04-22,515.5372589237658
2015-04-23,516.8344150242568
2015-04-24,518.0335499080942
2015-04-27,515.8799431772129
2015-04-28,517.519783531151
2015-04-29,515.3903571003991
2015-04-30,510.2259129985645
2015-05-01,515.7574816572027
2015-05-04,517.2259798844173
2015-05-05,511.3028463656188
2015-05-06,509.1978602382235
2015-05-07,511.229525455549
2015-05-08,517.9602289980245
2015-05-11,515.4758981621474
2015-05-12,513.9462991765413
2015-05-13,514.0440603899676
2015-05-14,519.4042869218824
2015-05-15,519.9674539119934
2015-05-18,521.5828539625749
2015-05-19,521.4115118358513
2015-05-20,521.0443872790479
2015-05-21,522.5617661129756
2015-05-22,521.3134906191979
2015-05-26,515.7086010504897
2015-05-27,520.6036818089473
2015-05-28,520.0163345187069
2015-05-29,516.785534417544
2015-06-01,517.8380274812416
2015-06-02,517.3240011010711
2015-06-03,518.6944781116318
2015-06-04,514.3113437075274
2015-06-05,513.4322727963709
2015-06-08,510.2747936052778
2015-06-09,510.20147269520794
2015-06-10,516.3203886440866
2015-06-11,517.9849293046084
2015-06-12,514.0196200866112
2015-06-15,511.81687274578945
2015-06-16,514.6072273800787
2015-06-17,515.4392377071125
2015-06-18,520.7994642390273
2015-06-19,518.4877755460095
2015-06-22,521.1439685150647
2015-06-23,521.5129130944587
2015-06-24,517.725446083865
2015-06-25,516.1511265431809
2015-06-26,516.0528453233001
2015-06-29,505.2309910008634
2015-06-30,506.2886841291049
2015-07-01,510.3468144992118
2015-07-02,509.879588699937
2015-07-06,508.4285106889448
2015-07-07,511.62577037379907
2015-07-08,503.0420238310831
2015-07-09,503.95203512627626
2015-07-10,510.29767388927144
2015-07-13,515.9298637968353
2015-07-14,518.167971576556
2015-07-15,517.995849440151
2015-07-16,522.152521033366
2015-07-17,522.5950465260571
2015-07-20,522.8657098855703
2015-07-21,520.7997242422547
2015-07-22,519.8650126404777
2015-07-23,516.9381563119094
2015-07-24,511.57662976385876
2015-07-27,508.60063282535003
2015-07-28,514.8477303652372
2015-07-29,518.3894943261289
2015-07-30,518.5124758525936
2015-07-31,517.7254460838653
2015-08-03,515.9790044067761
2015-08-04,514.9707118917022
2015-08-05,516.6677529556237
2015-08-06,512.4375004491117
2015-08-07,511.45364823739436
2015-08-10,517.8975682202705
2015-08-11,513.2245302178403
2015-08-12,513.8394378501636
2015-08-13,513.1998299112565
2015-08-14,515.0689931115832
2015-08-17,517.9467088302109
2015-08-18,516.4464902092783
2015-08-19,512.3636595325876
2015-08-20,501.66478673661567
2015-08-21,486.07161319186775
2015-08-24,466.1987865274403
2015-08-25,460.59103692323305
2015-08-26,478.2748964178803
2015-08-27,490.10504325539097
2015-08-28,490.1297435619748
2015-08-31,486.1698944117487
2015-09-01,471.658854298599
2015-09-02,480.611545420709
2015-09-03,480.95578969351925
2015-09-04,473.6756993319743
2015-09-08,485.57968708600924
2015-09-09,479.08662649319274
2015-09-10,481.69367885230747
2015-09-11,483.8826460220877
2015-09-14,482.08706373505805
2015-09-15,488.1128985285997
2015-09-16,492.3431510351119
2015-09-17,491.23657730015697
2015-09-18,483.21001767332643
2015-09-21,485.7068286641092
2015-09-22,479.40253041423847
2015-09-23,478.6363009036859
2015-09-24,476.9054594202286
2015-09-25,476.78195788730966
2015-09-28,464.81608936520155
2015-09-29,465.0880527408507
2015-09-30,473.7656604485852
2015-10-01,475.00197579391175
2015-10-02,482.0974638641462
2015-10-05,490.67627034554545
2015-10-06,488.9950894784829
2015-10-07,493.00017919024157
2015-10-08,497.45039442696316
2015-10-09,497.74705810919613
2015-10-12,498.21688394074306
2015-10-13,495.07682496587233
2015-10-14,492.70351550800865
2015-10-15,500.26882940979
2015-10-16,502.5433376413184
2015-10-19,502.7906007103836
2015-10-20,502.0982121163552
2015-10-21,499.0325140644632
2015-10-22,507.4631187063597
2015-10-23,513.0258877522616
2015-10-26,511.7648721003511
2015-10-27,510.7760798273171
2015-10-28,516.5858519390572
2015-10-29,516.2891882568243
2015-10-30,514.0640806384635
2015-11-02,520.1460761290799
2015-11-03,521.6540948468287
2015-11-04,520.0717152061014
2015-11-05,519.5527487646142
2015-11-06,519.280785388965
2015-11-09,514.4351052436753
2015-11-10,515.6217599726072
2015-11-11,513.594514810144
2015-11-12,506.424665816931
2015-11-13,500.73839523811
2015-11-16,508.3531097530589
2015-11-17,507.9823451510745
2015-11-18,516.0419251877593
2015-11-19,515.5970596660235
2015-11-20,517.4779230115741
2015-11-23,516.8825156212906
2015-11-24,517.574904215319
2015-11-25,517.5005432923405
2015-11-27,518.0941306600336
2015-11-30,515.9431239614241
2015-12-01,520.8629050264653
2015-12-02,515.545059020584
2015-12-03,508.3284094464751
2015-12-04,518.2423324995364
2015-12-07,515.1025335278929
2015-12-08,511.6387705351607
2015-12-09,507.66098116225794
2015-12-10,508.97113742410875
2015-12-11,499.1068749874425
2015-12-14,501.63046631062656
2015-12-15,506.8965716742956
2015-12-16,514.3113437075293
2015-12-17,506.47432643332604
2015-12-18,497.4522144495542
2015-12-21,501.5537653586032
2015-12-22,506.1051218507048
2015-12-23,512.3722396390863
2015-12-24,511.52670914423817
2015-12-28,510.3577346347559
2015-12-29,515.8042822381004
2015-12-30,512.1483768604688
2015-12-31,507.02527327175864
2016-01-04,499.9352452692954
2016-01-05,500.7828557899611
2016-01-06,494.4658173819575
2016-01-07,482.60291013782
2016-01-08,477.31288447724876
2016-01-11,477.778030250706
2016-01-12,481.63491812296166
2016-01-13,469.6206890005949
2016-01-14,477.3303046934711
2016-01-15,467.0838375128236
2016-01-19,467.7057652322813
2016-01-20,461.71191083568493
2016-01-21,464.29842293985104
2016-01-22,473.8236411682512
2016-01-25,466.66107226539975
2016-01-26,473.02777128979807
2016-01-27,467.87970739127695
2016-01-28,470.31697764303135
2016-01-29,481.78415997537354
2016-02-01,481.6081377905604
2016-02-02,472.9284500570084
2016-02-03,475.7635252463758
2016-02-04,476.50973450843424
2016-02-05,467.4322418372692
2016-02-08,461.13990373584943
2016-02-09,461.16486404566047
2016-02-10,460.7670591080475
2016-02-11,454.7732047114511
2016-02-12,464.14918108743956
2016-02-16,471.9833383261436
2016-02-17,479.6929540190199
2016-02-18,477.72836963431143
2016-02-19,477.50450685569393
2016-02-22,484.4182526701169
2016-02-23,478.30037673414705
2016-02-24,480.4888238974729
2016-02-25,486.30847613184665
2016-02-26,485.1873422161688
2016-02-29,481.38427501194315
2016-03-01,492.7001354660561
2016-03-02,494.9135429391929
2016-03-03,496.840946862412
2016-03-04,498.4698670808077
2016-03-07,498.86793202164785
2016-03-08,493.42138441830343
2016-03-09,495.85865467005783
2016-03-10,496.2564596076708
2016-03-11,504.2645590053704
2016-03-14,503.61793097932883
2016-03-15,502.79736079429193
2016-03-16,505.7070569098651
2016-03-17,508.9141967173529
2016-03-18,510.9141415409602
2016-03-21,511.63903053838845
2016-03-22,511.3639471240129
2016-03-23,507.98728521239195
2016-03-24,507.7642024434561
2016-03-28,508.06424616764264
2016-03-29,512.7658845250646
2016-03-30,515.0138724274188
2016-03-31,513.7637769110506
2016-04-01,517.2636803523635
2016-04-04,515.5887395627539
2016-04-05,510.4370356190519
2016-04-06,516.0135848359954
2016-04-07,509.83902819649643
2016-04-08,511.21210523932933
2016-04-11,510.01427037162796
2016-04-12,514.7637493228546
2016-04-13,519.9653738861784
2016-04-14,519.9885141733992
2016-04-15,519.4133870348371
2016-04-18,523.0612323124257
2016-04-19,524.7130328148148
2016-04-20,525.2130190207166
2016-04-21,522.388343960437
2016-04-22,522.388343960437
2016-04-25,521.4882127878775
2016-04-26,522.2612023823372
2016-04-27,523.3381357493914
2016-04-28,518.582156717485
2016-04-29,515.7907620702867
2016-05-02,519.8884129309279
2016-05-03,515.36175674541
2016-05-04,512.488981088099
2016-05-05,512.3888798456277
2016-05-06,514.2637631169528
2016-05-09,514.686788367604
2016-05-10,521.0883278244469
2016-05-11,516.2137873209382
2016-05-12,516.3635491798043
2016-05-13,511.8639333299151
2016-05-16,516.9137160085553
2016-05-17,512.0909161472589
2016-05-18,512.2388579835346
2016-05-19,510.4640759546808
2016-05-20,513.6888959816181
2016-05-23,512.988967294001
2016-05-24,519.6385498295908
2016-05-25,523.1631535774875
2016-05-26,523.3131754395808
2016-05-27,525.5629833645254
2016-05-31,524.5630109527218
2016-06-01,525.6381242971856
2016-06-02,527.237924154135
2016-06-03,525.6630846069966
2016-06-06,528.3377378051827
2016-06-07,529.1627280450822
2016-06-08,530.8875894543139
2016-06-09,530.1627004568859
2016-06-10,525.1381380912838
2016-06-13,521.0862477986296
2016-06-14,520.0633951028325
2016-06-15,519.3385061054045
2016-06-16,520.8847452975511
2016-06-17,518.9498012807434
2016-06-20,522.2918827631469
2016-06-21,523.7744211646301
2016-06-22,522.9200505600572
2016-06-23,529.7297950836012
2016-06-24,510.431315548054
2016-06-27,501.56104544896573
2016-06-28,510.6062977199583
2016-06-29,519.3015856471422
2016-06-30,526.3752334462921
2016-07-01,527.4953273490612
2016-07-05,523.6990202287427
2016-07-06,526.8401192165222
2016-07-07,526.5034150373008
2016-07-08,534.353432472864
2016-07-11,536.2379358635955
2016-07-12,540.1330442102493
2016-07-13,540.0576432743619
2016-07-14,543.0729007001776
2016-07-15,542.3441116543414
2016-07-18,543.7996097201961
2016-07-19,543.2489228849906
2016-07-20,545.4976907970265
2016-07-21,543.4371652214819
2016-07-22,545.8871756313692
2016-07-25,544.4046372298859
2016-07-26,544.6560603505865
2016-07-27,544.0780731765252
2016-07-28,544.7062409734358
2016-07-29,545.5858318910467
2016-08-01,545.1334262757222
2016-08-02,541.6387228989533
2016-08-03,543.2237025719525
2016-08-04,543.8009097363322
2016-08-05,548.2493049504634
2016-08-08,547.9227408971026
2016-08-09,548.2493049504634
2016-08-10,546.8923481077169
2016-08-11,549.4304996116241
2016-08-12,548.9528736832615
2016-08-15,550.5360333336703
2016-08-16,547.6965380894404
2016-08-17,548.7269308788262
2016-08-18,549.958046159609
2016-08-19,549.1538561778855
2016-08-22,549.1288958680744
2016-08-23,550.2344295901206
2016-08-24,547.420154658929
2016-08-25,547.0431499794919
2016-08-26,546.0130171933333
2016-08-29,548.7037905916058
2016-08-30,547.7971593383662
2016-08-31,546.2392200009956
2016-09-01,546.2641803108066
2016-09-02,548.7269308788264
2016-09-06,550.387311487713
2016-09-07,550.3350508390462
2016-09-08,549.0787152452252
2016-09-09,535.9365921232733
2016-09-12,543.6256675612009
2016-09-13,535.8107505613094
2016-09-14,535.6097680666853
2016-09-15,540.9621945017841
2016-09-16,538.8709885454304
2016-09-19,538.9721298008103
2016-09-20,538.9973501138486
2016-09-21,545.0585453462892
2016-09-22,548.4931879775753
2016-09-23,545.4878106743931
2016-09-26,541.0682758184809
2016-09-27,544.4272575106525
2016-09-28,547.1294710509216
2016-09-29,542.1795296115253
2016-09-30,546.2706803914864
2016-10-03,544.9574040909091
2016-10-04,542.1795296115254
2016-10-05,544.5785793888817
2016-10-06,544.9574040909091
2016-10-07,543.0887608970369
2016-10-10,545.9173360057242
2016-10-11,539.0225704268868
2016-10-12,539.7297792048654
2016-10-13,537.9617572599187
2016-10-14,538.2397007097934
2016-10-17,536.3707975126939
2016-10-18,539.7297792048653
2016-10-19,541.1691570706337
2016-10-20,540.1590445329692
2016-10-21,540.4115076665786
2016-10-24,542.7099361950093
2016-10-25,540.8914736239863
2016-10-26,539.80544014398
2016-10-27,538.3658022749846
2016-10-28,536.7748425277598
2016-10-31,536.800062840798
2016-11-01,532.9106745651426
2016-11-02,529.7032747544276
2016-11-03,527.278744660806
2016-11-04,526.6978974512456
2016-11-07,538.3153616489083
2016-11-08,540.7398917425301
2016-11-09,546.4708828764293
2016-11-10,547.8366798289005
2016-11-11,546.5738441543996
2016-11-14,547.0031094825035
2016-11-15,551.2713224601865
2016-11-16,550.235989609484
2016-11-17,553.0645647181715
2016-11-18,551.8269493567088
2016-11-21,555.9940210790118
2016-11-22,557.080054559018
2016-11-23,557.3832183219309
2016-11-25,559.4541440265633
2016-11-28,556.8275914254089
2016-11-29,557.9133649021878
2016-11-30,556.5748682885724
2016-12-01,554.5291628969783
2016-12-02,554.807106346853
2016-12-05,558.1408677259863
2016-12-06,559.9086296677056
2016-12-07,567.2326605746472
2016-12-08,568.6215978143391
2016-12-09,572.0565004488524
2016-12-12,571.3997322969502
2016-12-13,575.2131996302638
2016-12-14,570.4652806984004
2016-12-15,572.8141498529073
2016-12-16,571.6935359436839
2016-12-19,572.9381713922809
2016-12-20,575.1484588266914
2016-12-21,573.5478789600603
2016-12-22,572.5572666644358
2016-12-23,573.3955170689222
2016-12-27,574.81825472815
2016-12-28,570.0674757607875
2016-12-29,569.940594185915
2016-12-30,567.8574483296043
2017-01-03,572.201582249629
2017-01-04,575.6055445001057
2017-01-05,575.1484588266917
2017-01-06,577.2061243667368
2017-01-09,575.3008207178297
2017-01-10,575.3008207178297
2017-01-11,576.9266208974989
2017-01-12,575.4786629252332
2017-01-13,576.7997393226265
2017-01-17,574.7672940956194
2017-01-18,576.0374098604817
2017-01-19,573.9035633748674
2017-01-20,576.0121895474435
2017-01-23,574.5132709426468
2017-01-24,578.1969966655886
2017-01-25,583.2015387826965
2017-01-26,582.591831214917
2017-01-27,581.6771398616344
2017-01-30,578.0698550874887
2017-01-31,578.0191544581851
2017-02-01,578.2476972948923
2017-02-02,578.6288620259646
2017-02-03,582.6170515279555
2017-02-06,581.5757386030274
2017-02-07,581.6009589160655
2017-02-08,582.3630283749831
2017-02-09,585.8182112612178
2017-02-10,588.1298999542355
2017-02-13,591.3307996842706
2017-02-14,593.6934490098192
2017-02-15,596.7926874780198
2017-02-16,596.2846411720748
2017-02-17,597.2245528383957
2017-02-21,600.7811369832376
2017-02-22,600.2476103610273
2017-02-23,600.6539954051378
2017-02-24,601.4163248672826
2017-02-27,602.3562365336034
2017-02-28,600.7301763507069
2017-03-01,609.1389407215187
2017-03-02,605.3031131106661
2017-03-03,605.6840178385112
2017-03-06,603.8803754514385
2017-03-07,602.0767330643657
2017-03-08,600.9589791906413
2017-03-09,601.7210486495588
2017-03-10,603.8296748221348
2017-03-13,604.134398604411
2017-03-14,601.8227099113933
2017-03-15,607.0305745521699
2017-03-16,605.8366397328766
2017-03-17,604.7727065271823
2017-03-20,604.1094382946002
2017-03-21,596.3530220208283
2017-03-22,597.7562594380163
2017-03-23,597.1184715216995
2017-03-24,596.6847861387332
2017-03-27,596.0722185354546
2017-03-28,600.4098523747995
2017-03-29,600.97119934232
2017-03-30,602.8848230944975
2017-03-31,601.4813256740824
2017-04-03,600.4353326910648
2017-04-04,600.8180574415003
2017-04-05,599.0320952738771
2017-04-06,600.7158761732115
2017-04-07,600.1035685731601
2017-04-10,600.4608130073302
2017-04-11,599.7463241389901
2017-04-12,597.1184715216995
2017-04-13,593.2402633848136
2017-04-17,598.4962286226219
2017-04-18,596.7102664549988
2017-04-19,595.6130528362231
2017-04-20,600.4608130073306
2017-04-21,598.547189255153
2017-04-24,605.129950961353
2017-04-25,608.6509146640689
2017-04-26,608.2681899136334
2017-04-27,608.778576248623
2017-04-28,607.4517797802315
2017-05-01,608.9826787819735
2017-05-02,609.2122616315894
2017-05-03,608.4722924469838
2017-05-04,609.1867813153241
2017-05-05,611.585311086226
2017-05-08,611.4831298179373
2017-05-09,610.9217828504169
2017-05-10,612.0189964691925
2017-05-11,610.7686409495972
2017-05-12,609.7481282828448
2017-05-15,613.1159500847411
2017-05-16,612.5548631204477
2017-05-17,601.6854282074338
2017-05-18,604.109438294601
2017-05-19,608.0386070640178
2017-05-22,611.1258853837674
2017-05-23,612.4781621684244
2017-05-24,613.9071399051048
2017-05-25,616.8412763240348
2017-05-26,616.7136147394806
2017-05-30,616.1777480882254
2017-05-31,616.024866190633
2017-06-01,620.9235869942712
2017-06-02,622.9903526472684
2017-06-05,622.5309269448095
2017-06-06,620.5408622438357
2017-06-07,621.6890364951423
2017-06-08,621.9950602935543
2017-06-09,621.0509885755982
2017-06-12,620.9235869942712
2017-06-13,623.95990468149
2017-06-14,623.1687148611263
2017-06-15,621.9695799772891
2017-06-16,622.1055616651137
2017-06-19,627.2845659476714
2017-06-20,623.0543134411593
2017-06-21,622.9003915306581
2017-06-22,622.6182880291483
2017-06-23,623.3618972589346
2017-06-26,623.7721823514531
2017-06-27,618.7468399761694
2017-06-28,624.2849087154876
2017-06-29,618.7980606119276
2017-06-30,619.9519549342325
2017-07-03,621.0031479817942
2017-07-05,622.4388858023818
2017-07-06,616.7468951525623
2017-07-07,620.746784799777
2017-07-10,621.4134330743127
2017-07-11,620.9519273460362
2017-07-12,625.6182052645595
2017-07-13,626.6693983121211
2017-07-14,629.5920945890542
2017-07-17,629.5151336338038
2017-07-18,629.8484577710715
2017-07-19,633.2586600990011
2017-07-20,633.5405035972838
2017-07-21,632.9765565974913
2017-07-24,632.8226346869901
2017-07-25,634.3610737823209
2017-07-26,634.3865540985863
2017-07-27,633.7968667793012
2017-07-28,633.053517552742
2017-07-31,632.6944530959817
2017-08-01,634.1047106003039
2017-08-02,634.4122944180792
2017-08-03,633.1816991437508
2017-08-04,634.3353334628285
2017-08-07,635.5147081013989
2017-08-08,633.9507886898027
2017-08-09,633.9250483703102
2017-08-10,624.9770373062897
2017-08-11,625.9000487628427
2017-08-14,632.1047657766966
2017-08-15,632.027804821446
2017-08-16,633.1304785079928
2017-08-17,623.2594559874194
2017-08-18,622.2849638918813
2017-08-21,622.7722099396503
2017-08-22,629.2845107712798
2017-08-23,627.0282027656551
2017-08-24,625.566724625575
2017-08-25,627.0282027656551
2017-08-28,627.0539430851477
2017-08-29,627.7718119954416
2017-08-30,630.74598891136
2017-08-31,634.5404760090881
2017-09-01,635.4377471461486
2017-09-05,630.8741705023687
2017-09-06,633.0277772332499
2017-09-07,632.9508162779995
2017-09-08,632.2074670514402
2017-09-11,638.9503907455942
2017-09-12,641.1039974764756
2017-09-13,641.4118412974781
2017-09-14,641.2066987512188
2017-09-15,642.0691294558347
2017-09-18,643.4346664050788
2017-09-19,644.0786943988484
2017-09-20,644.3106172775091
2017-09-21,642.5844558521413
2017-09-22,642.7131574496044
2017-09-25,641.3991011393455
2017-09-26,641.7857259381889
2017-09-27,644.2848769580164
2017-09-28,645.0578665524763
2017-09-29,647.3253546968704
2017-10-02,650.1339095570636
2017-10-03,651.5251868258002
2017-10-04,652.29817642026
2017-10-05,656.1631243925589
2017-10-06,655.4158751175917
2017-10-09,654.3337416859935
2017-10-10,656.0601631145884
2017-10-11,657.0908159072013
2017-10-12,656.1116437535736
2017-10-13,656.910373667526
2017-10-16,657.7863245399561
2017-10-17,658.2501702972774
2017-10-18,658.8944582942742
2017-10-19,659.0746405307225
2017-10-20,662.4760027489273
2017-10-23,659.8993707673948
2017-10-24,661.0587251574708
2017-10-25,657.7863245399564
2017-10-26,658.6367950961211
2017-10-27,664.021981937847
2017-10-30,661.5483112342848
2017-10-31,662.5789640268979
2017-11-01,663.454914899328
2017-11-02,663.7125780974814
2017-11-03,665.9285856028902
2017-11-06,666.9592383955032
2017-11-07,666.4953926381818
2017-11-08,667.6292667119925
2017-11-09,665.2070766474155
2017-11-10,665.0008940882476
2017-11-13,665.6194417657517
2017-11-14,664.0734625768323
2017-11-15,660.7495813203326
2017-11-16,666.3666910407189
2017-11-17,664.4083467334634
2017-11-20,665.5419608040469
2017-11-21,669.8964948531595
2017-11-22,669.3039474983754
2017-11-24,670.8499266872949
2017-11-27,670.5150425306639
2017-11-28,677.317246960619
2017-11-29,676.904881842283
2017-11-30,682.8311353998079
2017-12-01,681.4141178115785
2017-12-04,680.5896475781336
2017-12-05,678.1417171940641
2017-12-06,678.2706787947544
2017-12-07,680.4092053384584
2017-12-08,684.1194513905743
2017-12-11,686.1807569758004
2017-12-12,687.3918520080888
2017-12-13,687.3146310496111
2017-12-14,684.5060761894179
2017-12-15,690.171286506836
2017-12-18,694.5476608270335
2017-12-19,691.8802877192087
2017-12-20,691.5178432204948
2017-12-21,692.9421408990856
2017-12-22,692.7609186497285
2017-12-26,691.9320283614212
2017-12-27,692.2687325406426
2017-12-28,693.6930302192336
2017-12-29,691.0776577568486
2018-01-02,696.023699147837
2018-01-03,700.4263337939814
2018-01-04,703.378410435588
2018-01-05,708.0657486155143
2018-01-08,709.3605646869605
2018-01-09,710.9660846149084
2018-01-10,709.878491115539
2018-01-11,715.0577554013241
2018-01-12,719.7193532617576
2018-01-16,717.2589427227828
2018-01-17,724.0957275819551
2018-01-18,722.8786524754412
2018-01-19,726.1674332962692
2018-01-22,732.0718465827094
2018-01-23,733.6256258684449
2018-01-24,733.3409223346631
2018-01-25,733.6516261911647
2018-01-26,742.1456716204974
2018-01-29,737.2253705490018
2018-01-30,729.6634366891742
2018-01-31,730.0261411911155
2018-02-01,729.1975109060354
2018-02-02,713.3227538662317
2018-02-05,683.4897235743015
2018-02-06,696.9560707205694
2018-02-07,693.1751037906556
2018-02-08,667.1750410740789
2018-02-09,677.1968654664274
2018-02-12,687.1412088970707
2018-02-13,688.8504701126708
2018-02-14,698.1474055075911
2018-02-15,707.0558960810775
2018-02-16,707.2628586499274
2018-02-20,702.8347436875175
2018-02-21,699.3384802913855
2018-02-22,700.2448515413978
2018-02-23,711.4065300817825
2018-02-26,719.6673526163186
2018-02-27,710.6813810811271
2018-02-28,703.4821517232406
2018-03-01,693.2528447555881
2018-03-02,696.826589113425
2018-03-05,704.8804490791115
2018-03-06,706.6674512596437
2018-03-07,706.4084880453546
2018-03-08,709.8267504733271
2018-03-09,722.1795037975062
2018-03-12,721.2731325474938
2018-03-13,716.6115346870602
2018-03-14,712.9343090447984
2018-03-15,712.1574194019307
2018-03-16,712.9288489770272
2018-03-19,703.28272924798
2018-03-20,704.478744093091
2018-03-21,703.1267273116613
2018-03-22,685.5505091530738
2018-03-23,670.9383277845438
2018-03-26,689.2945556247255
2018-03-27,677.568410078094
2018-03-28,675.5663852286689
2018-03-29,684.1984923716437
2018-04-02,669.4303090667952
2018-04-03,678.0104155643303
2018-04-04,685.2645056031557
2018-04-05,690.6725727288749
2018-04-06,675.2803816787509
2018-04-09,678.6084229868859
2018-04-10,689.3985569156044
2018-04-11,685.7845120575516
2018-04-12,691.4265820877491
2018-04-13,689.3985569156043
2018-04-16,695.0666272685218
2018-04-17,702.5027195663857
2018-04-18,703.0227260207818
2018-04-19,699.122677612811
2018-04-20,693.1946040326959
2018-04-23,693.0906027418166
2018-04-24,683.7564868854071
2018-04-25,685.4465078621943
2018-04-26,692.4145943511016
2018-04-27,693.0646024190968
